species_name,H,P,G,T,C,F,L
Aaronsohnia pubescens,0,0,0,0,0,1,1
Abutilon grandifolium,1,1,1,1,1,0,1
Acacia cyclops,0,1,0,1,1,1,1
Acacia dealbata,1,1,0,1,0,0,0
Acacia decurrens,0,0,0,1,0,0,0
Acacia mearnsii,0,0,0,1,0,0,0
Acacia melanoxylon,0,0,0,1,0,0,0
Acacia salicina,0,0,0,1,0,1,0
Acacia saligna,0,1,1,1,1,1,1
Acanthus mollis,0,1,1,1,1,0,0
Acer campestre,0,0,0,1,0,0,0
Acer pseudoplatanus,0,0,0,0,1,0,0
Achillea maritima,0,0,0,0,1,0,1
Achillea millefolium,0,0,0,0,0,1,0
Achyranthes aspera,1,1,1,1,1,0,0
Acokanthera oblongifolia,0,1,1,1,1,1,0
Adenocarpus foliolosus,1,1,1,1,1,0,0
Adenocarpus ombriosus,1,0,0,0,0,0,0
Adenocarpus viscosus,0,1,1,1,0,0,0
Adiantum capillus-veneris,1,1,1,1,1,1,1
Adiantum hispidulum,0,0,0,1,1,0,0
Adiantum raddianum,0,1,0,1,1,0,0
Adiantum reniforme,1,1,1,1,1,1,1
Adonis microcarpa,0,1,0,1,1,1,1
Aegilops biuncialis,0,0,1,0,0,0,0
Aegilops geniculata,0,1,1,1,0,0,1
Aegilops neglecta,0,0,0,1,0,0,1
Aeonium aizoon,0,0,0,1,0,0,0
Aeonium appendiculatum,0,0,1,0,0,0,0
Aeonium arboreum,1,1,1,1,1,0,0
Aeonium aureum,0,1,1,1,1,0,0
Aeonium balsamiferum,0,0,0,0,0,1,1
Aeonium canariense,0,0,1,1,0,0,0
Aeonium castello-paivae,0,0,1,0,0,0,0
Aeonium ciliatum,0,0,0,1,0,0,0
Aeonium cuneatum,0,0,0,1,0,0,0
Aeonium davidbramwellii,0,1,0,0,0,0,0
Aeonium decorum,0,0,1,0,0,0,0
Aeonium diplocyclum,1,1,1,0,0,0,0
Aeonium dodrantale,0,0,0,1,0,0,0
Aeonium gomerense,0,0,1,0,0,0,0
Aeonium goochiae,0,1,0,0,0,0,0
Aeonium haworthii,0,1,0,1,0,0,0
Aeonium hierrense,1,1,0,0,0,0,0
Aeonium lancerottense,0,0,0,0,0,0,1
Aeonium lindleyi,0,0,1,1,0,0,0
Aeonium liui,0,0,0,1,0,0,0
Aeonium mascaense,0,0,0,1,0,0,0
Aeonium nobile,0,1,0,0,0,0,0
Aeonium palmense,1,1,0,0,0,0,0
Aeonium percarneum,0,0,0,0,1,0,0
Aeonium pseudourbicum,0,0,0,1,0,0,0
Aeonium rubrolineatum,0,0,1,0,0,0,0
Aeonium saundersii,0,0,1,0,0,0,0
Aeonium sedifolium,0,1,1,1,0,0,0
Aeonium simsii,0,0,0,0,1,0,0
Aeonium smithii,0,0,0,1,0,0,0
Aeonium spathulatum,1,1,1,1,1,0,0
Aeonium tabuliforme,0,0,0,1,0,0,0
Aeonium undulatum,0,0,0,0,1,0,0
Aeonium urbicum,0,0,0,1,0,0,0
Aeonium valverdense,1,0,0,0,0,0,0
Aeonium virgineum,0,0,0,0,1,0,0
Aeonium volkeri,0,0,0,1,0,0,0
Agapanthus praecox,0,0,1,1,1,0,0
Agave americana,0,1,1,0,1,0,0
Agave angustifolia,0,0,0,1,1,1,0
Agave attenuata,0,1,1,1,1,1,1
Agave filifera,0,0,0,1,1,0,0
Agave fourcroydes,0,1,1,1,1,1,1
Agave lechuguilla,0,0,1,0,1,0,0
Agave macroacantha,0,1,0,1,1,1,0
Agave murpheyi,0,0,0,0,1,0,0
Agave oteroi,0,0,0,0,1,0,0
Agave salmiana,0,0,1,1,1,0,0
Agave sisalana,1,1,0,1,1,1,1
Agave tequilana,0,0,0,1,1,0,0
Agave vivipara,0,0,0,0,1,0,0
Ageratina adenophora,1,1,1,1,1,1,0
Ageratina riparia,0,1,1,1,0,0,0
Ageratum houstonianum,0,0,0,1,0,0,0
Agrimonia eupatoria,0,0,1,1,0,0,0
Agrostemma githago,0,0,0,0,1,0,0
Agrostis capillaris,0,1,0,0,0,0,0
Agrostis castellana,1,1,1,1,1,1,1
Agrostis pourretii,0,0,0,1,0,0,0
Agrostis stolonifera,0,1,0,0,0,0,0
Aichryson bituminosum,0,0,0,0,1,0,0
Aichryson bollei,0,1,0,0,0,0,0
Aichryson brevipetalum,0,1,0,0,0,0,0
Aichryson dichotomum,0,0,1,1,0,0,0
Aichryson laxum,1,1,1,1,1,1,0
Aichryson pachycaulon,0,1,1,1,1,1,0
Aichryson palmense,0,1,0,0,0,0,0
Aichryson parlatorei,1,1,1,1,1,0,0
Aichryson porphyrogennetos,0,0,0,0,1,0,0
Aichryson punctatum,1,1,1,1,1,1,0
Aichryson roseum,0,0,0,0,1,0,0
Aichryson tortuosum,0,0,0,0,0,1,1
Ailanthus altissima,0,0,0,1,1,0,0
Aira caryophyllea,1,1,1,1,1,1,1
Aira cupaniana,0,0,0,1,0,1,1
Aira elegans,0,0,1,0,0,0,0
Aira praecox,0,0,0,1,0,0,0
Aizoanthemopsis hispanica,0,0,1,0,0,1,1
Aizoon canariense,1,1,1,1,1,1,1
Ajuga iva,1,1,1,1,1,1,1
Ajuga reptans,0,1,0,0,0,0,0
Alcea rosea,0,0,0,1,1,1,0
Alchemilla microcarpa,1,1,1,1,1,0,0
Alisma lanceolatum,0,0,0,0,1,0,0
Allagopappus canariensis,0,0,1,1,1,0,0
Allagopappus viscosissimus,0,0,0,0,1,0,0
Allium ampeloprasum,0,1,0,1,1,0,1
Allium canariense,1,1,1,1,1,1,1
Allium neapolitanum,0,0,0,1,0,0,0
Allium nigrum,0,0,0,1,1,0,0
Allium paniculatum,0,0,0,0,0,0,1
Allium rotundum,0,0,0,1,1,0,0
Allium sphaerocephalon,0,0,0,1,0,0,0
Allium vineale,0,1,0,1,1,1,1
Aloe arborescens,0,1,0,1,1,0,1
Aloe maculata,0,1,0,0,1,1,0
Aloe vera,0,1,1,1,1,1,1
Aloiampelos ciliaris,0,0,0,1,1,0,0
Alopecurus geniculatus,0,0,0,1,0,0,0
Alopecurus myosuroides,0,1,0,1,1,1,0
Alternanthera caracasana,1,1,1,1,1,0,0
Alyssum granatense,0,0,0,0,1,0,0
Alyssum simplex,0,0,0,1,1,0,0
Amaranthus albus,0,0,0,0,1,0,0
Amaranthus blitoides,0,1,0,1,1,1,1
Amaranthus blitum,1,1,1,1,1,1,1
Amaranthus caudatus,0,0,0,1,1,0,0
Amaranthus cruentus,1,1,0,1,1,0,1
Amaranthus deflexus,1,1,0,1,1,1,1
Amaranthus graecizans,0,1,0,1,1,0,1
Amaranthus hybridus,0,1,1,1,1,0,1
Amaranthus muricatus,0,1,1,1,1,1,1
Amaranthus powellii,0,0,0,1,0,1,0
Amaranthus retroflexus,1,0,0,1,1,0,1
Amaranthus standleyanus,1,0,0,0,0,0,0
Amaranthus viridis,1,1,1,1,1,1,1
Amaryllis belladonna,0,1,1,1,1,0,0
Ammi majus,1,1,1,1,1,1,1
Ammi procerum,0,1,0,0,1,0,0
Ammochloa pungens,0,0,0,1,0,0,0
Ammodaucus leucotrichus,0,0,0,1,0,1,0
Amphilophium buccinatorium,0,1,0,0,1,0,0
Anacyclus clavatus,0,1,0,0,0,0,1
Anacyclus radiatus,1,0,1,1,1,1,1
Anagyris latifolia,0,1,1,1,1,0,0
Anastatica hierochuntica,0,0,0,0,0,1,0
Anchusa azurea,1,1,1,1,1,1,1
Andrachne telephioides,0,0,0,0,1,1,0
Andropogon distachyos,0,0,1,1,0,0,0
Andryala integrifolia,1,0,0,0,1,0,0
Andryala perezii,0,0,0,1,1,1,1
Andryala pinnatifida,1,1,1,1,1,1,1
Andryala rothia,0,1,0,1,0,0,0
Andryala webbii,0,1,1,0,0,0,0
Anethum graveolens,1,1,1,1,1,1,1
Anogramma leptophylla,1,1,1,1,1,1,1
Anredera cordifolia,1,1,1,1,1,1,0
Anthemis arvensis,0,0,1,1,1,1,1
Anthemis cotula,1,1,1,1,1,1,1
Anthoxanthum aristatum,1,1,1,1,1,1,1
Anthoxanthum odoratum,0,1,0,1,1,0,0
Anthriscus caucalis,1,0,0,1,0,0,0
Antigonon leptopus,0,1,0,0,1,0,0
Antirrhinum majus,1,1,1,1,1,0,1
Apium graveolens,1,1,1,1,1,1,1
Apium nodiflorum,0,1,1,1,1,0,0
Apium repens,0,0,0,1,0,0,0
Apteranthes burchardii,0,0,0,0,0,1,1
Aquilegia vulgaris,0,0,0,1,0,0,0
Arabidopsis thaliana,1,1,1,1,1,0,0
Arabis caucasica,1,1,1,1,1,0,0
Arabis nova,0,1,0,1,1,0,0
Arabis recta,0,1,0,1,1,0,0
Arbutus canariensis,1,1,1,1,1,0,0
Arbutus unedo,0,0,0,1,1,0,0
Arenaria serpyllifolia,1,1,1,1,1,1,1
Argemone mexicana,0,1,0,1,1,0,0
Argemone ochroleuca,0,1,0,1,1,0,0
Argyranthemum adauctum,1,1,0,1,1,0,0
Argyranthemum broussonetii,0,0,0,1,0,0,0
Argyranthemum callichrysum,0,0,1,0,0,0,0
Argyranthemum coronopifolium,0,0,0,1,0,0,0
Argyranthemum escarrei,0,0,0,0,1,0,0
Argyranthemum filifolium,0,0,0,0,1,0,0
Argyranthemum foeniculaceum,0,0,0,1,0,0,0
Argyranthemum frutescens,1,1,1,1,1,0,1
Argyranthemum gracile,0,0,0,1,0,0,0
Argyranthemum haouarytheum,0,1,0,0,0,0,0
Argyranthemum hierrense,1,0,0,0,0,0,0
Argyranthemum lemsii,0,0,0,1,0,0,0
Argyranthemum lidii,0,0,0,0,1,0,0
Argyranthemum maderense,0,0,0,0,0,0,1
Argyranthemum sundingii,0,0,0,1,0,0,0
Argyranthemum sventenii,1,0,0,0,0,0,0
Argyranthemum tenerifae,0,0,0,1,0,0,0
Argyranthemum vincentii,0,0,0,1,0,0,0
Argyranthemum webbii,0,1,0,0,0,0,0
Argyranthemum winteri,0,0,0,0,0,1,0
Argyrolobium armindae,0,0,0,0,1,0,0
Aria edulis,0,1,0,1,0,0,0
Arisarum simorrhinum,0,0,0,1,1,1,1
Aristida adscensionis,1,1,1,1,1,1,1
Aristolochia paucinervis,1,0,0,1,1,0,0
Arnebia decumbens,0,0,0,1,1,1,1
Arrhenatherum calderae,0,1,0,1,0,0,0
Arrhenatherum elatius,1,1,0,1,1,0,1
Artemisia ramosa,0,0,0,1,1,0,0
Artemisia reptans,0,0,0,1,1,1,0
Artemisia thuscula,1,1,1,1,1,0,0
Arthrocaulon macrostachyum,0,0,0,1,1,1,1
Arum italicum,1,1,1,1,1,1,0
Arundo donax,1,1,1,1,1,1,1
Asclepias curassavica,0,1,1,1,1,1,1
Asparagus aethiopicus,0,0,0,1,1,0,0
Asparagus albus,0,0,0,1,1,1,1
Asparagus arborescens,1,1,1,1,1,1,1
Asparagus asparagoides,1,1,1,1,1,0,1
Asparagus fallax,0,0,1,1,0,0,0
Asparagus horridus,0,0,0,0,0,1,1
Asparagus nesiotes,0,0,0,0,0,1,1
Asparagus pastorianus,0,0,0,1,1,1,1
Asparagus plocamoides,0,1,1,1,1,0,0
Asparagus scoparius,1,1,1,1,1,1,0
Asparagus setaceus,0,1,0,1,1,0,0
Asparagus umbellatus,1,1,1,1,1,1,0
Asperula gemella,1,0,0,0,0,1,0
Asphodelus aestivus,1,1,1,1,1,1,0
Asphodelus ayardii,0,0,0,0,1,0,0
Asphodelus fistulosus,1,1,1,1,1,1,1
Asphodelus ramosus,1,1,1,1,1,1,1
Asphodelus tenuifolius,1,1,1,1,1,1,1
Asplenium adiantum-nigrum,1,1,1,1,1,1,0
Asplenium aethiopicum,1,1,1,1,1,0,0
Asplenium anceps,1,1,1,1,0,0,0
Asplenium aureum,1,1,1,1,1,1,1
Asplenium hemionitis,1,1,1,1,1,1,1
Asplenium monanthes,0,1,0,0,0,0,0
Asplenium obovatum,1,0,0,0,1,0,0
Asplenium onopteris,1,1,1,1,1,1,1
Asplenium scolopendrium,0,0,0,1,1,0,0
Asplenium septentrionale,0,1,0,1,0,0,0
Asplenium sulcatum,1,1,1,1,1,1,1
Asplenium terorense,0,0,0,0,1,0,0
Asplenium trichomanes,1,1,1,1,1,0,0
Asteriscus aquaticus,0,1,1,1,1,0,0
Asteriscus graveolens,0,0,0,0,1,0,0
Asteriscus intermedius,0,0,0,0,0,0,1
Asteriscus schultzii,0,0,0,0,0,1,1
Asteriscus sericeus,1,0,0,1,1,1,0
Astragalus boeticus,1,0,0,1,1,0,1
Astragalus edulis,0,0,0,0,0,1,1
Astragalus hamosus,1,1,1,1,1,1,1
Astragalus sinaicus,0,0,0,0,0,1,1
Astragalus solandri,0,0,1,1,1,1,1
Astragalus stella,0,0,0,0,0,1,1
Astydamia latifolia,1,1,1,1,1,1,1
Athamanta cervariifolia,1,1,1,1,0,0,0
Athamanta montana,1,1,1,1,1,0,0
Athyrium filix-femina,1,1,1,1,1,0,0
Atocion armeria,0,1,0,0,0,0,0
Atractylis arbuscula,0,0,0,0,1,0,1
Atractylis cancellata,0,1,1,1,1,1,1
Atractylis preauxiana,0,0,0,1,1,0,0
Atriplex glauca,1,0,1,1,1,1,1
Atriplex halimus,0,0,0,1,1,1,1
Atriplex lindleyi,0,0,0,0,0,0,1
Atriplex nummularia,0,0,0,1,1,1,0
Atriplex portulacoides,0,0,0,0,1,0,1
Atriplex prostrata,0,0,0,1,0,0,1
Atriplex semibaccata,1,1,1,1,1,1,1
Atriplex semilunaris,0,0,0,0,0,1,1
Atriplex suberecta,0,0,0,0,1,1,1
Austrocylindropuntia cylindrica,0,1,0,1,1,1,1
Austrocylindropuntia subulata,0,1,1,1,1,1,1
Avellinia festucoides,0,0,1,0,1,0,0
Avena barbata,1,1,1,1,1,1,1
Avena byzantina,0,1,0,0,0,0,0
Avena canariensis,0,0,0,1,0,1,1
Avena longiglumis,0,0,0,1,0,0,0
Avena sativa,0,0,0,1,1,1,1
Avena sterilis,1,1,1,1,1,1,1
Avena strigosa,0,1,0,1,0,0,0
Azolla filiculoides,0,1,0,1,1,0,0
Balanites aegyptiaca,0,0,0,1,0,0,0
Ballota nigra,1,0,0,0,0,0,0
Bambusa vulgaris,0,0,0,0,1,0,0
Barbarea verna,0,1,1,1,0,0,0
Bassia hyssopifolia,0,0,0,1,1,1,0
Bassia scoparia,0,0,0,1,1,1,1
Bassia tomentosa,1,1,1,1,1,1,1
Begonia subvillosa,0,1,0,0,0,0,0
Bellardia trixago,1,1,0,1,1,0,0
Bellis annua,0,0,0,1,0,0,0
Bellis perennis,0,1,0,1,0,0,0
Bencomia brachystachya,0,0,0,0,1,0,0
Bencomia caudata,0,1,0,1,1,0,0
Bencomia exstipulata,0,1,0,1,0,0,0
Bencomia sphaerocarpa,1,0,0,0,0,0,0
Beta macrocarpa,0,1,0,1,1,1,1
Beta vulgaris,1,1,1,1,1,1,1
Bethencourtia hermosae,0,0,1,0,0,0,0
Bethencourtia palmensis,0,1,0,1,0,0,0
Bethencourtia rupicola,0,0,1,0,0,0,0
Biancaea decapetala,0,0,0,0,1,0,0
Bidens aurea,1,1,1,1,1,1,0
Bidens pilosa,1,1,1,1,1,1,1
Bifora testiculata,0,0,0,0,1,0,0
Biscutella auriculata,0,1,0,1,0,1,1
Biserrula pelecinus,1,1,1,1,1,1,1
Bituminaria bituminosa,1,1,1,1,1,1,1
Blackstonia imperfoliata,0,0,0,0,1,0,0
Blechnum spicant,0,0,1,1,0,0,0
Bolboschoenus glaucus,0,0,0,1,0,0,0
Bolboschoenus maritimus,0,0,0,1,0,1,0
Borago officinalis,1,1,1,1,1,1,1
Bosea yervamora,1,1,1,1,1,1,0
Bothriochloa insculpta,0,0,0,1,1,0,0
Bothriochloa ischaemum,0,0,0,0,1,0,0
Bothriochloa pertusa,0,0,0,1,1,0,0
Brachypodium arbuscula,1,0,1,1,0,0,0
Brachypodium distachyon,1,1,1,1,1,1,1
Brachypodium glaucovirens,0,1,0,0,0,0,0
Brachypodium phoenicoides,0,0,0,0,0,1,0
Brachypodium sylvaticum,1,1,1,1,1,0,0
Brassica bourgeaui,1,1,1,1,0,1,0
Brassica napus,0,0,0,0,1,0,0
Brassica nigra,0,0,1,1,0,0,1
Brassica oleracea,1,1,1,1,1,1,1
Briza maxima,1,1,1,1,1,1,1
Briza media,0,0,0,1,1,0,0
Briza minor,1,1,1,1,1,0,0
Bromus catharticus,1,1,1,1,1,1,1
Bromus commutatus,0,1,0,0,0,0,0
Bromus diandrus,1,1,1,1,1,1,1
Bromus hordeaceus,1,1,1,1,1,1,1
Bromus lanceolatus,1,1,1,1,1,1,1
Bromus lepidus,0,0,0,0,1,0,0
Bromus madritensis,1,1,1,1,1,1,1
Bromus rigidus,1,1,1,1,1,1,1
Bromus rubens,1,1,1,1,1,1,1
Bromus secalinus,0,1,0,0,0,0,0
Bromus squarrosus,0,0,0,0,0,1,0
Bromus sterilis,0,1,0,1,0,0,0
Bromus tectorum,0,1,0,1,1,0,0
Bryonia verrucosa,1,1,1,1,1,0,1
Bufonia paniculata,0,1,1,1,1,0,0
Buglossoides arvensis,0,0,0,1,1,1,1
Bupleurum handiense,0,0,0,0,0,1,1
Bupleurum lancifolium,0,0,0,1,1,0,0
Bupleurum salicifolium,1,1,1,1,1,0,0
Bupleurum semicompositum,1,0,1,1,1,1,1
Bystropogon canariensis,1,1,1,1,1,0,0
Bystropogon odoratissimus,0,0,0,1,0,0,0
Bystropogon origanifolius,1,1,1,1,1,0,0
Bystropogon plumosus,0,0,0,1,0,0,0
Bystropogon wildpretii,0,1,0,0,0,0,0
Cakile maritima,0,0,0,1,1,1,1
Calamagrostis arenaria,0,0,0,0,0,1,0
Calceolaria tripartita,0,1,0,1,0,0,0
Calendula arvensis,1,1,1,1,1,1,1
Calendula officinalis,1,1,1,1,1,0,0
Calendula stellata,0,0,0,0,1,1,0
Calendula suffruticosa,0,0,0,1,0,0,0
Calendula tripterocarpa,0,0,0,1,1,1,1
Callitriche stagnalis,0,0,1,1,1,0,0
Calotropis procera,0,0,0,0,1,1,0
Calystegia soldanella,0,0,0,0,0,0,1
Camelina microcarpa,0,0,0,0,1,0,0
Campanula dichotoma,0,0,1,1,0,1,1
Campanula erinus,1,1,1,1,1,1,1
Camptoloma canariense,0,0,0,0,1,0,0
Campylanthus salsoloides,0,1,1,1,1,1,1
Canaria tortuosa,1,1,1,1,1,0,0
Canarina canariensis,1,1,1,1,1,0,0
Canna glauca,0,1,0,0,0,0,0
Canna indica,0,1,1,1,1,0,0
Capparis spinosa,1,0,0,0,0,0,0
Capsella bursa-pastoris,1,1,1,1,1,1,1
Capsella rubella,1,1,1,0,0,0,0
Capsicum annuum,1,1,1,1,1,1,1
Cardamine flexuosa,0,0,0,0,1,0,0
Cardamine hirsuta,1,1,1,1,1,0,0
Cardiospermum grandiflorum,0,1,1,1,1,0,0
Cardiospermum halicacabum,0,0,0,1,1,0,0
Carduus baeocephalus,1,0,0,0,1,0,0
Carduus bourgaei,0,0,0,0,0,1,0
Carduus clavulatus,1,1,1,1,1,1,1
Carduus pycnocephalus,0,1,1,1,1,1,0
Carduus tenuiflorus,1,1,1,1,1,1,1
Carduus volutarioides,0,0,0,1,0,0,0
Carex canariensis,1,1,1,1,1,0,0
Carex demissa,0,0,0,1,0,0,0
Carex distachya,0,0,1,0,1,0,0
Carex distans,0,0,1,0,1,0,0
Carex divisa,1,0,0,0,0,0,0
Carex divulsa,1,1,1,1,1,1,1
Carex leersii,0,0,1,1,1,0,0
Carex otrubae,0,0,1,1,1,0,0
Carex pairae,0,0,1,1,1,0,0
Carex paniculata,0,0,0,1,0,0,0
Carex perraudieriana,0,1,1,1,0,0,0
Carex pseudocyperus,0,0,0,1,0,0,0
Carica papaya,0,1,0,1,1,1,0
Carlina canariensis,0,0,0,0,1,0,0
Carlina falcata,0,1,0,1,0,0,0
Carlina salicifolia,1,1,1,1,1,1,1
Carlina texedae,0,0,0,0,1,0,0
Carlina xeranthemoides,0,0,0,1,0,0,0
Caroxylon tetrandrum,0,0,0,0,0,1,1
Caroxylon vermiculatum,0,0,0,1,1,1,1
Carpobrotus acinaciformis,0,0,0,0,1,0,0
Carpobrotus edulis,0,1,1,1,1,1,1
Carrichtera annua,1,0,1,1,1,1,1
Carthamus caeruleus,0,1,0,1,1,1,1
Carthamus lanatus,0,1,1,1,1,1,1
Carthamus tinctorius,0,1,0,1,1,1,0
Cascabela thevetia,0,1,0,1,1,0,0
Castanea sativa,1,1,1,1,1,0,0
Castellia tuberculosa,0,1,1,1,1,1,1
Casuarina cunninghamiana,0,1,0,1,0,0,0
Casuarina equisetifolia,0,0,0,1,1,1,0
Casuarina glauca,1,0,0,1,1,1,1
Catapodium marinum,0,0,0,0,0,1,1
Catapodium rigidum,1,1,1,1,1,1,1
Catharanthus roseus,1,1,0,1,1,1,1
Cedronella canariensis,1,1,1,1,1,0,0
Ceiba pentandra,0,0,0,1,0,0,0
Celtis australis,0,0,1,0,1,0,0
Cenchrus americanus,0,1,0,1,1,0,0
Cenchrus ciliaris,1,1,1,1,1,1,1
Cenchrus clandestinus,0,1,1,1,1,1,0
Cenchrus divisus,0,0,0,1,1,0,0
Cenchrus echinatus,0,0,0,0,1,0,0
Cenchrus geniculatus,0,1,0,1,0,0,0
Cenchrus longisetus,0,1,0,1,1,0,0
Cenchrus orientalis,0,1,0,1,1,0,0
Cenchrus purpureus,0,1,1,1,1,0,1
Cenchrus setaceus,1,1,1,1,1,1,1
Centaurea aspera,0,0,0,0,1,0,0
Centaurea bimorpha,0,0,0,0,0,0,1
Centaurea calcitrapa,1,0,1,1,1,1,1
Centaurea conocephala,0,0,0,1,0,0,0
Centaurea diluta,0,0,1,1,0,0,1
Centaurea eriophora,0,0,0,0,0,1,0
Centaurea gentilii,0,0,0,0,1,0,0
Centaurea melitensis,1,1,1,1,1,1,1
Centaurium erythraea,1,1,0,1,1,0,0
Centaurium maritimum,0,0,0,0,1,0,0
Centaurium pulchellum,0,1,1,1,1,0,1
Centaurium tenuiflorum,1,1,1,1,1,1,1
Centratherum punctatum,0,1,0,0,0,0,0
Cerastium arvense,0,0,1,1,1,0,0
Cerastium fontanum,0,1,0,1,1,0,0
Cerastium glomeratum,1,1,1,1,1,1,1
Cerastium holosteoides,0,0,0,1,1,0,0
Cerastium sventenii,1,1,0,1,0,0,0
Ceratocapnos heterocarpa,0,0,0,0,0,1,0
Ceratonia siliqua,1,0,1,1,1,1,1
Ceratophyllum demersum,0,0,0,1,0,0,0
Cereus hildmannianus,0,0,0,1,0,0,0
Ceropegia dichotoma,1,0,1,1,0,0,0
Ceropegia fusca,0,0,0,1,1,0,0
Cestrum aurantiacum,0,1,1,1,1,0,0
Cestrum parqui,0,0,0,1,0,0,1
Chaenorhinum minus,0,1,0,0,0,0,0
Chaetonychia cymosa,0,0,0,0,1,0,0
Chamaecrista fasciculata,1,0,0,0,0,0,0
Chamaecytisus mollis,0,0,0,1,0,0,0
Chamaecytisus prolifer,0,1,1,1,1,0,0
Chamaemelum fuscatum,0,0,0,1,0,0,0
Chamaerops humilis,0,1,0,1,1,0,0
Chasmanthe aethiopica,0,1,1,1,1,0,0
Chasmanthe bicolor,0,0,0,0,1,0,0
Chasmanthe floribunda,0,1,0,0,1,0,0
Cheilanthes tirajanae,0,0,0,0,1,0,0
Cheirolophus anagaensis,0,0,0,1,0,0,0
Cheirolophus arboreus,0,1,0,0,0,0,0
Cheirolophus arbutifolius,0,0,0,0,1,0,0
Cheirolophus burchardii,0,0,0,1,0,0,0
Cheirolophus canariensis,0,0,0,1,0,0,0
Cheirolophus dariasii,0,0,1,0,0,0,0
Cheirolophus duranii,1,0,0,0,0,0,0
Cheirolophus falcisectus,0,0,0,0,1,0,0
Cheirolophus ghomerythus,0,0,1,0,0,0,0
Cheirolophus junonianus,0,1,0,0,0,0,0
Cheirolophus metlesicsii,0,0,0,1,0,0,0
Cheirolophus puntallanensis,0,1,0,0,0,0,0
Cheirolophus santos-abreui,0,1,0,0,0,0,0
Cheirolophus satarataensis,0,0,1,0,0,0,0
Cheirolophus sventenii,0,1,0,0,0,0,0
Cheirolophus tagananensis,0,0,0,1,0,0,0
Cheirolophus teydis,0,1,0,1,0,0,0
Cheirolophus webbianus,0,0,0,1,0,0,0
Chelidonium majus,1,0,0,1,1,0,0
Chenopodiastrum coronopus,1,1,0,1,1,0,0
Chenopodiastrum murale,1,1,1,1,1,1,1
Chenopodium album,1,1,1,1,1,1,1
Chenopodium giganteum,0,0,0,1,1,1,0
Chenopodium nutans,0,1,0,1,1,0,0
Chenopodium opulifolium,0,1,0,0,0,0,0
Chenopodium probstii,0,1,0,1,0,0,0
Chenopodium vulvaria,1,0,0,1,0,0,0
Chloris barbata,0,0,0,1,0,0,0
Chloris gayana,0,0,0,1,0,0,0
Chloris pycnothrix,0,1,0,0,0,0,0
Chloris truncata,0,0,0,1,0,0,0
Chlorophytum comosum,0,1,0,1,1,0,0
Chondrilla juncea,0,0,0,1,0,0,0
Chrysojasminum odoratissimum,1,1,1,1,1,1,0
Cicer arietinum,0,0,0,1,0,1,1
Cicer canariense,0,1,0,1,0,0,0
Cichorium pumilum,1,1,1,1,1,1,1
Cirsium vulgare,0,0,0,1,0,0,0
Cistanche phelypaea,0,0,0,1,0,1,1
Cistus asper,1,0,0,0,0,0,0
Cistus chinamadensis,1,0,1,1,0,0,0
Cistus grancanariae,0,0,0,0,1,0,0
Cistus horrens,0,0,0,0,1,0,0
Cistus ladanifer,0,0,0,1,1,0,0
Cistus monspeliensis,1,1,1,1,1,0,0
Cistus ochreatus,0,0,0,0,1,0,0
Cistus osbeckiifolius,0,0,0,1,0,0,0
Cistus palmensis,0,1,0,0,0,0,0
Cistus symphytifolius,0,1,0,1,0,0,0
Citrullus colocynthis,0,1,0,1,1,1,1
Citrullus lanatus,1,1,1,1,1,1,1
Cladanthus mixtus,1,1,1,1,1,0,0
Cladium mariscus,0,0,0,0,1,0,0
Cleistocactus hyalacanthus,0,0,0,1,0,0,0
Cleistocactus strausii,0,0,0,1,0,0,0
Clinopodium menthifolium,1,1,1,1,1,0,0
Clinopodium nepeta,1,1,1,1,1,0,0
Cneorum pulverulentum,1,1,1,1,1,0,0
Coccoloba uvifera,0,1,1,1,1,1,1
Codiaeum variegatum,0,1,0,0,1,0,0
Coffea arabica,0,0,0,0,1,0,0
Coix lacryma-jobi,0,0,0,1,1,0,1
Colchicum hierrense,1,1,1,0,0,0,0
Colchicum psammophilum,0,0,0,0,0,1,1
Coleostephus myconis,0,0,0,1,1,1,1
Colocasia esculenta,0,1,1,1,1,0,0
Combretum indicum,0,0,0,0,1,0,0
Commelina benghalensis,0,0,0,1,1,0,0
Commelina diffusa,0,1,1,1,1,0,0
Commelina latifolia,0,1,0,0,0,0,0
Commicarpus helenae,0,0,0,0,0,1,0
Conium maculatum,1,1,1,1,1,0,0
Convolvulus althaeoides,1,1,1,1,1,1,1
Convolvulus arvensis,1,1,1,1,1,1,1
Convolvulus canariensis,1,1,1,1,1,0,0
Convolvulus caput-medusae,0,0,0,0,1,1,0
Convolvulus farinosus,0,0,0,1,0,0,0
Convolvulus floridus,1,1,1,1,1,1,1
Convolvulus fruticulosus,1,1,1,1,1,0,0
Convolvulus lopezsocasii,0,0,0,0,0,0,1
Convolvulus perraudieri,0,0,0,1,1,0,0
Convolvulus scoparius,1,1,1,1,1,0,0
Convolvulus siculus,1,1,1,1,1,1,1
Convolvulus subauriculatus,0,0,1,0,0,0,0
Convolvulus tricolor,0,0,0,1,1,0,0
Convolvulus volubilis,0,0,1,1,0,0,0
Corchorus depressus,0,0,0,1,0,0,0
Coriandrum sativum,1,0,1,1,1,1,1
Coronilla valentina,0,0,0,0,1,1,1
Coronilla viminalis,0,0,0,0,1,1,1
Cortaderia selloana,1,1,0,1,1,1,1
Corymbia citriodora,0,0,0,0,1,0,0
Corymbia ficifolia,1,1,1,1,1,0,0
Cosentinia vellea,1,1,1,1,1,1,1
Cosmos bipinnatus,0,0,0,1,1,0,0
Cota tinctoria,0,0,0,0,1,0,0
Cotula australis,1,1,1,1,1,0,0
Cotyledon macrantha,0,0,0,1,0,0,0
Cotyledon orbiculata,0,0,1,1,1,0,0
Crambe arborea,0,0,0,1,0,0,0
Crambe feuilleei,1,0,0,0,0,0,0
Crambe gomeraea,0,0,1,0,0,0,0
Crambe laevigata,0,0,0,1,0,0,0
Crambe microcarpa,0,1,0,0,0,0,0
Crambe pritzelii,0,0,0,0,1,0,0
Crambe santosii,0,1,0,0,0,0,0
Crambe scaberrima,0,0,0,1,0,0,0
Crambe scoparia,0,0,0,0,1,0,0
Crambe strigosa,1,1,1,1,1,0,0
Crambe sventenii,0,0,0,0,0,1,0
Crambe tamadabensis,0,0,0,0,1,0,0
Crambe wildpretii,0,0,1,0,0,0,0
Crassula campestris,1,1,1,1,1,0,1
Crassula multicava,1,1,1,1,1,0,0
Crassula muscosa,1,1,1,1,1,0,0
Crassula ovata,0,1,1,1,1,0,1
Crassula tetragona,0,1,0,1,0,0,0
Crassula tillaea,1,1,1,1,1,1,1
Crataegus monogyna,0,0,0,0,1,0,0
Crepis bursifolia,0,0,0,1,0,0,0
Crepis canariensis,0,0,0,0,0,1,1
Crepis capillaris,0,1,0,1,1,0,0
Crepis foetida,1,1,1,1,1,0,0
Crepis juvenalis,0,0,0,1,0,0,0
Crepis vesicaria,0,0,0,1,1,0,0
Cressa cretica,0,0,0,0,1,0,0
Crithmum maritimum,1,1,1,1,1,0,0
Cucurbita moschata,0,1,1,1,1,1,1
Cucurbita pepo,1,1,1,1,1,1,1
Culcita macrocarpa,0,0,0,1,0,0,0
Cullen americanum,0,0,0,0,1,0,0
Cuphea hyssopifolia,0,1,0,1,1,0,0
Cupressus sempervirens,1,0,1,0,1,0,0
Curio talinoides,0,1,0,0,0,0,0
Cuscuta approximata,0,0,0,1,1,1,1
Cuscuta campestris,0,0,0,0,1,0,0
Cuscuta planiflora,1,1,1,1,1,1,1
Cutandia dichotoma,0,0,0,0,0,1,0
Cutandia divaricata,0,0,0,0,0,0,1
Cutandia maritima,0,0,0,0,0,1,1
Cutandia memphitica,0,0,0,1,1,1,1
Cyclospermum leptophyllum,0,1,0,1,1,1,0
Cydonia oblonga,1,0,0,1,0,0,0
Cylindropuntia bigelovii,0,0,0,1,1,0,0
Cylindropuntia fulgida,0,0,0,1,0,0,0
Cylindropuntia imbricata,0,0,0,1,0,0,0
Cylindropuntia prolifera,0,0,0,1,1,1,0
Cylindropuntia tunicata,0,0,0,1,0,0,0
Cymbalaria muralis,1,1,1,1,1,1,1
Cymodocea nodosa,1,1,1,1,1,1,1
Cynanchum acutum,0,0,0,0,0,1,1
Cynara cardunculus,1,1,1,1,1,1,1
Cynara humilis,0,0,0,0,1,0,0
Cynodon dactylon,1,1,1,1,1,1,1
Cynoglossum creticum,0,1,1,1,1,0,0
Cynomorium coccineum,0,0,0,0,0,0,1
Cynosurus echinatus,1,1,1,1,1,0,1
Cynosurus elegans,0,0,0,1,1,0,0
Cyperus alopecuroides,0,1,0,1,1,0,0
Cyperus alternifolius,0,1,1,1,1,0,0
Cyperus brevifolius,0,0,0,1,1,0,0
Cyperus capitatus,0,1,0,1,1,1,1
Cyperus eragrostis,0,1,1,1,1,0,0
Cyperus esculentus,0,1,0,0,0,0,0
Cyperus fuscus,0,0,0,1,0,0,0
Cyperus gracilis,0,0,0,1,0,0,0
Cyperus laevigatus,0,1,1,1,1,1,1
Cyperus longus,0,1,1,1,1,1,0
Cyperus michelianus,0,0,0,1,1,0,0
Cyperus mundii,0,0,0,1,0,0,0
Cyperus polystachyos,0,0,1,0,0,0,0
Cyperus rotundus,1,0,1,1,1,1,1
Cyperus rubicundus,0,0,0,1,1,0,0
Cyrtomium falcatum,0,1,1,1,1,0,1
Cysticapnos versicaria,0,0,0,0,1,1,1
Cystopteris fragilis,1,1,1,1,1,0,0
Cytinus hypocistis,1,1,1,1,1,0,0
Cytinus ruber,0,1,0,1,1,0,0
Cytisus filipes,1,1,1,1,0,0,0
Cytisus scoparius,0,0,1,1,0,0,0
Cytisus supranubius,0,1,0,1,0,0,0
Dactylis glomerata,1,1,0,1,1,0,0
Dactylis metlesicsii,0,0,0,1,0,0,0
Dactylis smithii,1,1,1,1,1,1,1
Daphne gnidium,0,1,0,1,1,0,0
Dasispermum capense,1,1,1,1,1,0,0
Datura ferox,0,0,0,1,0,0,0
Datura innoxia,0,1,1,1,1,1,1
Datura stramonium,1,1,1,1,1,1,1
Daucus aureus,0,0,0,1,1,0,0
Daucus carota,1,1,1,1,1,1,0
Daucus durieua,0,0,0,1,0,0,0
Daucus elegans,1,1,1,1,0,0,0
Daucus pumilus,0,0,0,0,0,0,1
Davallia canariensis,1,1,1,1,1,1,1
Delairea odorata,0,1,0,1,1,0,0
Delonix regia,0,1,0,1,1,1,1
Delosperma brunnthaleri,0,0,0,1,0,0,0
Delphinium ajacis,1,1,0,1,0,0,0
Delphinium consolida,1,0,0,1,1,0,1
Delphinium staphisagria,0,1,1,1,0,0,0
Dendriopoterium pulidoi,0,0,0,0,1,0,0
Descurainia artemisioides,0,0,0,0,1,0,0
Descurainia bourgaeana,0,0,0,1,0,0,0
Descurainia gilva,0,1,0,0,0,0,0
Descurainia gonzalezii,0,0,0,1,0,0,0
Descurainia lemsii,0,0,0,1,0,0,0
Descurainia millefolia,0,1,1,1,0,0,0
Descurainia preauxiana,0,0,0,0,1,0,0
Desmanthus virgatus,0,0,0,0,1,1,0
Dianthus caryophyllus,0,0,0,1,0,0,0
Dichanthium annulatum,0,0,0,1,0,0,0
Dichanthium foveolatum,1,1,1,1,1,1,0
Dicheranthus plocamoides,0,0,1,1,0,0,0
Dichondra micrantha,0,1,0,1,1,1,0
Digitalis canariensis,0,1,1,1,0,0,0
Digitalis chalcantha,0,0,0,0,1,0,0
Digitalis isabelliana,0,0,0,0,1,0,0
Digitalis purpurea,0,1,0,1,0,0,0
Digitaria ciliaris,1,1,1,1,1,1,0
Digitaria ischaemum,0,1,0,1,1,1,0
Digitaria nodosa,0,0,0,1,1,1,0
Digitaria nuda,0,1,0,0,0,0,0
Digitaria radicosa,0,1,0,0,1,0,0
Digitaria sanguinalis,1,1,1,1,1,0,1
Digitaria setigera,0,0,0,0,1,0,0
Digitaria violascens,0,0,0,1,0,0,0
Dimorphotheca ecklonis,0,1,0,1,1,1,0
Dioscorea communis,1,1,1,1,1,0,0
Dipcadi serotinum,0,0,1,1,1,1,1
Diplachne fusca,0,0,0,0,1,0,0
Diplazium caudatum,0,1,1,1,1,0,0
Diplotaxis catholica,0,0,0,0,1,0,0
Diplotaxis muralis,0,0,0,1,0,0,0
Diplotaxis tenuifolia,0,0,0,0,1,0,1
Dipsacus fullonum,0,1,0,1,0,0,0
Disocactus speciosus,0,0,0,0,1,0,0
Disphyma crassifolium,0,1,0,0,1,1,0
Distimake tuberosus,0,0,0,1,1,0,0
Dittrichia viscosa,1,1,1,1,1,1,1
Draba verna,0,0,0,1,0,0,0
Dracaena draco,1,1,1,1,1,0,0
Dracaena tamaranae,0,0,0,0,1,0,0
Dracocephalum thymiflorum,0,0,1,1,0,0,0
Dracunculus canariensis,1,1,1,1,1,1,0
Drimia hesperia,0,0,0,1,0,0,0
Drimia maritima,0,0,0,0,0,1,1
Drimiopsis maculata,0,0,1,0,0,0,0
Drosanthemum floribundum,0,0,0,0,1,0,0
Drosanthemum hispidum,0,0,0,1,0,0,0
Drusa glandulosa,1,1,1,1,1,1,1
Dryopteris abbreviata,0,0,1,1,0,0,0
Dryopteris aemula,0,0,1,0,0,0,0
Dryopteris guanchica,1,0,1,1,0,0,0
Dryopteris oligodonta,1,1,1,1,1,0,0
Duranta erecta,0,0,0,0,1,1,0
Dysphania ambrosioides,1,1,1,1,1,1,1
Dysphania anthelmintica,0,1,1,0,1,0,0
Dysphania multifida,0,0,1,1,1,0,1
Echinocereus rigidissimus,0,0,0,1,0,0,0
Echinochloa colonum,0,1,1,0,1,0,0
Echinochloa crus-galli,0,1,1,1,1,1,1
Echinopsis huascha,0,0,0,1,0,0,0
Echinopsis lageniformis,0,0,0,1,0,0,0
Echinopsis spachiana,0,0,0,0,1,0,0
Echinopsis volliana,0,0,0,1,0,0,0
Echium acanthocarpum,0,0,1,0,0,0,0
Echium aculeatum,1,0,1,1,0,0,0
Echium auberianum,0,0,0,1,0,0,0
Echium bethencourtii,0,1,0,0,0,0,0
Echium bonnetii,0,0,0,1,1,1,1
Echium brevirame,0,1,0,0,0,0,0
Echium callithyrsum,0,0,0,0,1,0,0
Echium decaisnei,0,0,0,0,1,1,1
Echium giganteum,0,0,0,1,0,0,0
Echium handiense,0,0,0,0,0,1,0
Echium hierrense,1,0,0,0,0,0,0
Echium horridum,0,0,0,0,1,0,0
Echium leucophaeum,0,0,0,1,0,0,0
Echium onosmifolium,0,0,0,0,1,0,0
Echium perezii,0,1,0,0,0,0,0
Echium pininana,0,1,0,0,0,0,0
Echium pitardii,0,0,0,0,0,0,1
Echium plantagineum,1,1,1,1,1,0,0
Echium simplex,0,0,0,1,0,0,0
Echium strictum,1,1,1,1,1,0,0
Echium sventenii,0,0,0,1,0,0,0
Echium thyrsiflorum,0,1,0,0,0,0,0
Echium triste,0,0,1,1,1,0,0
Echium virescens,0,0,0,1,0,0,0
Echium webbii,0,1,0,0,0,0,0
Echium wildpretii,0,0,0,1,0,0,0
Eclipta prostrata,0,0,0,0,1,0,0
Ehrharta longifolia,0,0,0,0,1,0,0
Eleocharis multicaulis,0,0,0,1,0,0,0
Eleocharis palustris,0,0,1,1,1,0,0
Eleusine africana,0,1,0,0,0,0,0
Eleusine indica,0,1,1,1,1,1,0
Eleusine tristachya,0,1,0,0,0,0,0
Elionurus royleanus,0,0,0,0,1,0,0
Elodea canadensis,0,1,0,1,0,0,0
Elymus repens,0,0,0,1,1,0,0
Enneapogon desvauxii,0,0,0,1,1,1,1
Ensete ventricosum,0,1,0,1,0,0,0
Ephedra altissima,0,0,0,1,1,0,0
Ephedra fragilis,1,1,1,1,1,0,1
Ephedra major,0,1,0,1,0,0,0
Epilobium angustifolium,0,0,0,1,0,0,0
Epilobium ciliatum,0,1,1,0,0,0,0
Epilobium glandulosum,0,0,0,0,1,0,0
Epilobium hirsutum,0,1,1,1,0,0,0
Epilobium obscurum,0,0,0,1,0,0,0
Epilobium palustre,0,0,0,1,0,0,0
Epilobium parviflorum,0,1,1,1,1,0,0
Epilobium tetragonum,0,1,1,1,1,0,0
Equisetum ramosissimum,0,1,1,1,1,0,0
Eragrostis barrelieri,1,1,1,1,1,1,1
Eragrostis papposa,0,0,0,0,1,0,0
Eragrostis virescens,0,1,0,1,1,0,0
Erica canariensis,1,1,1,1,1,1,1
Erica platycodon,1,0,1,1,0,0,0
Erigeron bonariensis,1,1,1,1,1,1,1
Erigeron calderae,0,0,0,1,0,0,0
Erigeron canadensis,0,0,0,1,1,0,0
Erigeron floribundus,1,1,1,1,1,0,0
Erigeron gouanii,0,1,1,1,1,0,0
Erigeron karvinskianus,1,1,0,1,1,0,1
Erigeron sumatrensis,0,0,1,1,1,1,1
Eriobotrya japonica,0,1,1,1,1,0,1
Erodium botrys,1,1,1,1,1,1,1
Erodium brachycarpum,1,0,0,1,0,0,0
Erodium chium,1,1,1,1,1,1,1
Erodium ciconium,0,0,0,1,1,0,0
Erodium cicutarium,1,1,1,1,1,1,1
Erodium laciniatum,1,0,1,1,1,1,1
Erodium malacoides,1,1,1,1,1,1,1
Erodium maritimum,0,0,0,1,1,0,0
Erodium moschatum,1,1,1,1,1,1,1
Erodium neuradifolium,0,0,1,1,1,1,1
Erodium pulverulentum,0,0,0,0,0,1,1
Erodium salzmannii,0,0,0,1,0,1,1
Erodium touchyanum,0,0,0,0,0,1,1
Eruca vesicaria,1,1,1,1,1,1,1
Erucastrum canariense,0,1,1,1,1,1,1
Erucastrum cardaminoides,1,1,1,1,1,1,1
Erysimum albescens,0,0,0,0,1,0,0
Erysimum bicolor,1,1,1,1,1,1,0
Erysimum scoparium,0,1,0,1,0,0,0
Erysimum virescens,1,1,1,1,1,1,0
Erythrina crista-galli,0,1,0,1,0,0,0
Erythrostemon gilliesii,0,0,1,1,1,1,1
Eschscholzia californica,1,1,0,1,1,0,1
Espostoa melanostele,0,0,0,1,0,0,0
Eucalyptus blakelyi,0,0,0,0,1,0,0
Eucalyptus camaldulensis,0,0,0,1,1,0,0
Eucalyptus cladocalyx,0,0,0,1,0,0,0
Eucalyptus conferruminata,0,0,0,0,1,0,0
Eucalyptus cornuta,0,0,0,0,1,0,0
Eucalyptus diversicolor,0,0,0,1,1,0,0
Eucalyptus dwyeri,0,0,0,0,1,0,0
Eucalyptus globulus,1,1,1,1,1,0,1
Eucalyptus gomphocephala,0,0,0,0,1,0,0
Eucalyptus lehmannii,0,0,0,0,1,0,0
Eucalyptus moluccana,0,0,0,0,1,0,0
Eucalyptus ovata,0,0,0,0,1,0,0
Eucalyptus robusta,0,0,0,1,1,0,0
Eucalyptus rudis,0,0,0,0,1,0,0
Eucalyptus sideroxylon,0,0,0,0,1,0,0
Eucalyptus talyuberlup,0,0,0,0,1,0,0
Eucalyptus viminalis,0,0,0,0,1,0,0
Eudianthe coeli-rosa,0,0,0,1,0,0,0
Euphorbia aphylla,0,0,1,1,1,0,0
Euphorbia atropurpurea,0,0,0,1,0,0,0
Euphorbia balsamifera,1,1,1,1,1,1,1
Euphorbia berthelotii,0,0,1,0,0,0,0
Euphorbia bourgeana,0,0,1,1,0,0,0
Euphorbia bravoana,0,0,1,0,0,0,0
Euphorbia calyptrata,0,0,0,0,1,0,0
Euphorbia canariensis,1,1,1,1,1,1,0
Euphorbia chamaesyce,0,0,1,1,1,1,0
Euphorbia exigua,0,1,0,1,1,1,1
Euphorbia granulata,0,0,1,0,1,0,0
Euphorbia handiensis,0,0,0,0,0,1,0
Euphorbia helioscopia,0,1,1,1,1,1,0
Euphorbia heterophylla,0,1,1,0,1,1,1
Euphorbia hirsuta,0,0,0,1,1,1,0
Euphorbia humifusa,0,0,0,1,0,0,0
Euphorbia hypericifolia,0,1,0,1,1,0,0
Euphorbia inaequilatera,0,0,0,1,0,0,0
Euphorbia lamarckii,0,0,0,1,0,0,0
Euphorbia lathyris,0,1,0,1,0,0,0
Euphorbia leucocephala,0,1,0,0,0,0,0
Euphorbia maculata,0,1,0,1,1,0,0
Euphorbia mellifera,0,1,1,1,0,0,0
Euphorbia milii,0,0,0,1,1,0,0
Euphorbia murielii,0,1,0,1,1,0,1
Euphorbia nutans,0,0,0,1,1,0,0
Euphorbia paralias,0,0,1,1,1,1,1
Euphorbia peplis,0,1,0,1,1,1,1
Euphorbia platyphyllos,0,0,0,1,1,0,0
Euphorbia prostrata,1,1,1,1,1,1,1
Euphorbia pterococca,1,0,0,1,1,0,0
Euphorbia pulcherrima,0,1,1,1,1,1,1
Euphorbia regis-jubae,0,0,0,0,1,1,1
Euphorbia scordiifolia,1,0,0,0,0,0,0
Euphorbia segetalis,0,1,0,1,0,0,1
Euphorbia serpens,1,0,1,1,1,1,1
Euphorbia serrata,0,0,0,1,1,1,1
Euphorbia sulcata,0,0,0,1,1,1,1
Euphorbia taurinensis,0,0,0,1,0,1,1
Euphorbia terracina,1,1,1,1,1,1,1
Euphorbia tirucalli,0,1,1,1,1,1,1
Euphorbia variabilis,0,0,0,1,0,1,0
Euryops chrysanthemoides,0,0,0,1,0,0,0
Fagopyrum esculentum,0,0,0,0,1,0,0
Fallopia convolvulus,1,1,1,1,1,0,0
Farfugium japonicum,0,1,0,0,1,0,0
Felicia amoena,0,1,0,0,0,0,0
Ferocactus herrerae,0,0,0,0,1,0,1
Ferraria crispa,1,1,0,0,0,0,0
Ferula arnoldiana,0,0,0,0,0,1,0
Ferula communis,1,1,1,1,1,0,0
Ferula lancerotensis,0,0,0,0,0,1,1
Ferula latipinna,0,1,1,0,0,0,0
Festuca agustini,1,1,1,1,1,0,0
Festuca alopecuros,0,0,0,1,1,0,0
Festuca ambigua,1,0,0,1,0,0,1
Festuca bromoides,1,1,1,1,1,1,0
Festuca geniculata,0,0,0,0,1,0,0
Festuca maritima,0,1,0,0,0,0,0
Festuca membranacea,1,0,0,0,1,0,0
Festuca muralis,1,1,1,0,1,1,0
Festuca myuros,1,1,1,1,1,1,1
Festuca rubra,0,1,0,0,1,0,0
Ficus carica,1,1,1,1,1,1,1
Ficus elastica,0,1,1,1,1,1,1
Ficus microcarpa,0,1,1,1,1,0,0
Ficus rubiginosa,0,1,0,1,1,0,0
Filago arvensis,0,0,0,0,1,0,0
Filago desertorum,0,0,0,1,1,1,1
Filago germanica,1,1,1,1,1,1,1
Filago lutescens,1,0,0,1,1,0,1
Filago pygmaea,1,0,0,1,1,0,1
Filago pyramidata,1,1,1,1,1,1,1
Fimbristylis bisumbellata,0,0,0,1,1,0,0
Fimbristylis ferruginea,0,0,0,1,1,0,0
Fimbristylis turkestanica,0,0,0,1,1,0,0
Foeniculum vulgare,1,1,1,1,1,1,1
Forsskaolea angustifolia,1,1,1,1,1,1,1
Fragaria vesca,1,0,0,1,0,0,0
Frankenia boissieri,0,0,0,0,1,1,1
Frankenia ericifolia,1,1,1,1,1,1,1
Frankenia hirsuta,1,1,1,1,1,1,1
Frankenia pulverulenta,1,0,0,1,1,1,1
Fraxinus angustifolia,0,1,0,0,0,0,0
Freesia refracta,0,0,0,0,1,0,0
Fuchsia boliviana,0,0,0,1,1,0,0
Fuchsia coccinea,0,0,0,1,0,0,0
Fumaria agraria,0,0,0,0,1,0,0
Fumaria bastardii,1,1,1,1,1,1,1
Fumaria capreolata,0,1,0,1,1,1,1
Fumaria coccinea,1,1,1,1,1,1,1
Fumaria montana,1,1,1,1,1,1,1
Fumaria muralis,1,1,1,1,1,1,1
Fumaria officinalis,0,1,0,0,1,1,1
Fumaria parviflora,1,0,1,1,1,1,1
Fumaria vaillantii,0,0,0,1,1,1,1
Furcraea foetida,0,1,0,1,1,1,0
Furcraea hexapetala,0,0,0,1,0,0,0
Furcraea selloana,0,0,0,1,1,0,0
Galactites tomentosus,1,1,1,1,1,0,0
Galinsoga parviflora,0,1,1,1,1,0,0
Galinsoga quadriradiata,0,1,1,1,1,0,0
Galium aparine,1,1,1,1,1,1,1
Galium aschenbornii,1,0,0,0,0,1,0
Galium elongatum,0,0,0,1,0,0,0
Galium murale,1,1,1,1,1,1,1
Galium parisiense,1,1,1,1,1,1,1
Galium scabrum,1,1,1,1,1,1,0
Galium setaceum,0,1,1,1,1,1,1
Galium spurium,1,0,0,1,1,0,1
Galium tricornutum,0,1,1,1,1,1,1
Galium verrucosum,1,1,1,1,1,0,0
Gamochaeta antillana,1,1,0,1,0,0,0
Gamochaeta pensylvanica,1,1,0,1,1,1,0
Gastridium phleoides,1,1,0,0,0,1,0
Gastridium ventricosum,0,1,1,1,1,1,1
Gaudinia fragilis,0,0,0,1,1,0,0
Gazania rigens,0,1,0,1,0,0,0
Genista benehoavensis,0,1,0,0,0,0,0
Gennaria diphylla,1,1,1,1,1,0,1
Geranium dissectum,1,1,1,1,1,0,0
Geranium molle,1,1,1,1,1,1,1
Geranium purpureum,1,1,1,1,1,0,1
Geranium pyrenaicum,1,1,1,1,1,1,1
Geranium reuteri,1,1,1,1,1,0,0
Geranium robertianum,1,1,1,1,1,0,0
Geranium rotundifolium,1,1,1,1,1,1,1
Geropogon hybridus,0,1,1,1,0,0,0
Gesnouinia arborea,1,1,1,1,1,0,0
Gladiolus italicus,1,1,1,1,1,1,1
Glaucium corniculatum,0,1,1,1,1,1,1
Glaucium flavum,0,1,0,1,1,1,1
Glebionis coronaria,1,1,1,1,1,1,1
Glebionis segetum,0,0,1,1,1,0,0
Gleditsia triacanthos,0,0,0,0,1,0,0
Glinus lotoides,0,0,0,0,0,0,0
Globularia ascanii,0,0,0,0,1,0,0
Globularia salicina,1,1,1,1,1,0,0
Globularia sarcophylla,0,0,0,0,1,0,0
Glyceria declinata,0,0,0,0,1,0,0
Gnidia polystachya,0,0,0,1,0,0,0
Gomphocarpus fruticosus,1,1,1,1,1,1,1
Gonospermum canariense,1,1,0,0,0,0,0
Gonospermum ferulaceum,0,0,0,0,1,0,0
Gonospermum fruticosum,1,1,1,1,0,0,0
Gonospermum gomerae,0,0,1,0,0,0,0
Gonospermum oshanahanii,0,0,0,0,1,0,0
Gonospermum ptarmiciflorum,0,0,0,0,1,0,0
Gonospermum revolutum,0,0,0,1,0,0,0
Gossypium barbadense,0,0,0,0,1,0,0
Gossypium herbaceum,1,0,1,0,0,1,0
Grammitis quaerenda,0,0,0,1,0,0,0
Graptopetalum paraguayense,0,0,0,1,1,0,0
Grevillea robusta,0,1,0,1,1,0,0
Guizotia abyssinica,0,1,0,1,1,0,0
Gymnocarpos decander,0,0,1,1,1,1,1
Gymnocarpos sclerocephalus,0,0,0,1,0,1,0
Gymnosporia cassinoides,1,1,1,1,1,1,0
Gymnosporia cryptopetala,0,0,0,0,0,1,1
Gypsophila elegans,0,0,0,1,0,0,0
Gypsophila vaccaria,0,0,0,1,0,1,1
Haageocereus multangularis,0,0,0,1,0,0,0
Habenaria tridactylites,1,1,1,1,1,0,1
Hainardia cylindrica,0,1,0,1,1,0,1
Halophila decipiens,1,1,0,1,1,0,0
Harrisia tetracantha,0,0,0,0,1,0,0
Heberdenia excelsa,1,1,1,1,1,1,0
Hedera canariensis,1,1,1,1,1,0,0
Hedera helix,0,1,1,1,1,1,0
Hedychium coronarium,0,1,0,0,0,0,0
Hedychium gardnerianum,0,1,0,1,0,0,0
Hedypnois arenaria,0,1,0,1,0,0,1
Hedypnois rhagadioloides,1,1,1,1,1,1,1
Helianthemum aganae,0,0,1,0,0,0,0
Helianthemum aguloi,0,0,1,0,0,0,0
Helianthemum bramwelliorum,0,0,0,0,0,0,1
Helianthemum broussonetii,0,1,0,1,0,0,0
Helianthemum bystropogophyllum,0,0,0,0,1,0,0
Helianthemum canariense,1,1,1,1,1,1,1
Helianthemum cirae,0,1,0,0,0,0,0
Helianthemum gonzalezferreri,0,0,0,0,0,0,1
Helianthemum inaguae,0,0,0,0,1,0,0
Helianthemum juliae,0,0,0,1,0,0,0
Helianthemum ledifolium,0,0,0,0,0,1,1
Helianthemum linii,0,1,0,0,0,0,0
Helianthemum salicifolium,0,0,1,0,1,0,0
Helianthemum teneriffae,0,0,0,1,0,0,0
Helianthemum tholiforme,0,0,0,0,1,0,0
Helianthemum thymiphyllum,0,0,0,0,0,1,1
Helianthemum villosum,0,0,0,0,0,1,0
Helianthus annuus,0,1,0,1,0,1,0
Helichrysum alucense,0,0,1,0,0,0,0
Helichrysum gossypinum,0,0,0,0,1,0,1
Helichrysum luteoalbum,1,1,1,1,1,1,1
Helichrysum monogynum,0,0,0,0,0,0,1
Helichrysum orientale,0,0,0,0,1,0,1
Helichrysum petiolare,0,1,0,0,0,0,0
Helichrysum teydeum,0,0,0,1,0,0,0
Helictochloa marginata,0,0,1,1,0,0,0
Heliotropium arborescens,0,0,0,1,1,0,0
Heliotropium crispum,1,1,1,1,1,1,1
Heliotropium curassavicum,0,0,0,1,1,1,0
Heliotropium europaeum,0,1,0,1,1,1,1
Heliotropium supinum,0,0,0,0,0,1,0
Helminthotheca echioides,1,1,1,1,1,1,1
Hemarthria altissima,0,1,0,1,0,0,0
Hemionitis gluckuk,1,1,1,1,1,0,0
Hemionitis guanchica,1,1,1,1,1,1,1
Hemionitis pteridioides,1,1,1,1,1,1,1
Hemionitis pulchella,1,1,1,1,1,0,0
Hemionitis tinaei,0,0,0,1,0,0,0
Herniaria canariensis,0,0,0,1,0,0,0
Herniaria cinerea,1,0,1,1,1,1,1
Herniaria fontanesii,0,0,0,1,1,1,0
Hesperocyparis macrocarpa,0,1,0,1,1,0,0
Heteropogon contortus,0,0,1,1,1,0,0
Hibiscus rosa-sinensis,0,1,1,1,1,1,1
Hibiscus schizopetalus,0,0,0,1,1,0,0
Hibiscus trionum,0,0,0,0,1,0,0
Himantoglossum metlesicsianum,0,1,0,1,1,0,0
Hippocrepis constricta,1,0,0,0,1,0,0
Hippocrepis multisiliquosa,1,0,1,0,1,1,1
Hippocrepis salzmannii,0,0,0,0,0,1,1
Hirschfeldia incana,1,1,1,1,1,1,1
Hoffmannseggia glauca,0,0,0,1,0,0,0
Holcus annuus,0,0,0,0,1,0,0
Holcus hierrensis,1,0,0,0,0,0,0
Holcus lanatus,0,1,1,1,1,0,0
Hordeum distichon,0,0,0,1,1,0,0
Hordeum marinum,0,0,0,1,1,1,1
Hordeum murinum,1,1,1,1,1,1,1
Hordeum vulgare,0,1,0,1,0,1,1
Hornungia procumbens,0,0,0,1,1,0,0
Humulus lupulus,0,0,0,0,1,1,0
Hunnemannia fumariifolia,0,0,0,0,1,0,1
Hydrangea macrophylla,0,1,0,1,0,0,0
Hydrilla verticillata,0,1,0,1,0,0,0
Hydrocotyle bowlesioides,0,0,0,1,0,0,0
Hydrocotyle microphylla,0,0,0,1,0,0,0
Hymenophyllum tunbrigense,0,0,1,1,1,0,0
Hymenophyllum wilsonii,0,0,1,1,1,0,0
Hyoscyamus albus,1,1,1,1,1,1,1
Hyoseris radiata,0,0,0,0,1,0,0
Hyparrhenia arrhenobasis,0,0,0,1,0,0,0
Hyparrhenia hirta,1,1,1,1,1,1,1
Hypecoum procumbens,0,0,0,0,0,0,0
Hypericum canariense,1,1,1,1,1,0,0
Hypericum coadunatum,0,0,0,0,1,0,0
Hypericum glandulosum,0,1,1,1,1,1,0
Hypericum grandifolium,1,1,1,1,1,1,1
Hypericum humifusum,0,1,0,0,0,0,0
Hypericum perfoliatum,0,0,0,0,1,0,0
Hypericum perforatum,0,1,0,1,0,0,0
Hypericum reflexum,0,0,1,1,1,0,0
Hypochaeris achyrophorus,0,0,0,1,0,0,1
Hypochaeris glabra,1,1,1,1,1,1,1
Hypochaeris oligocephala,0,0,0,1,0,0,0
Hypochaeris radicata,1,1,1,1,0,1,0
Iberis odorata,0,0,0,0,1,0,0
Ifloga obovata,0,0,0,1,0,1,1
Ifloga spicata,1,1,1,1,1,1,1
Ilex canariensis,1,1,1,1,1,0,0
Ilex perado,0,1,1,1,0,0,0
Illecebrum verticillatum,0,0,0,1,1,0,0
Impatiens hawkeri,0,0,0,0,1,0,0
Impatiens sodenii,0,1,0,1,1,0,0
Impatiens walleriana,0,1,0,1,1,0,0
Imperata cylindrica,0,0,0,0,1,1,0
Iochroma cyaneum,0,0,0,1,0,0,0
Ipomoea batatas,0,1,1,1,1,1,1
Ipomoea cairica,1,1,1,1,1,1,1
Ipomoea corymbosa,0,0,0,1,1,0,0
Ipomoea imperati,0,0,0,0,1,0,0
Ipomoea indica,1,1,1,1,1,1,0
Ipomoea nil,0,0,0,0,0,0,1
Ipomoea pes-caprae,0,0,0,0,0,0,1
Ipomoea purpurea,0,1,0,1,1,0,0
Iris florentina,0,1,1,1,1,0,0
Iris foetidissima,0,1,1,1,0,0,0
Iris pallida,0,1,0,1,0,0,0
Iris x,0,1,0,0,1,0,0
Isatis tinctoria,1,0,0,0,0,0,0
Isolepis cernua,0,1,0,0,1,0,1
Ixanthus viscosus,1,1,1,1,1,0,0
Jacaranda mimosifolia,0,1,1,1,1,1,0
Jacobaea maritima,0,0,0,0,1,0,0
Juglans regia,0,0,0,0,1,0,0
Juncus acutus,0,1,1,1,1,1,1
Juncus articulatus,0,0,0,0,1,0,0
Juncus bufonius,1,1,1,1,1,1,1
Juncus capitatus,1,1,1,1,1,0,0
Juncus effusus,0,1,1,1,1,0,0
Juncus inflexus,0,0,0,0,1,0,0
Juncus maritimus,0,1,1,0,1,0,1
Juniperus canariensis,1,1,1,1,1,0,0
Juniperus cedrus,0,1,1,1,1,0,0
Justicia hyssopifolia,0,0,1,1,0,0,0
Kalanchoe daigremontiana,0,1,0,1,1,0,0
Kalanchoe delagoensis,0,1,1,1,1,0,0
Kalanchoe fedtschenkoi,0,1,0,0,0,1,0
Kalanchoe pinnata,0,0,1,0,1,0,0
Kalanchoe prolifera,0,1,0,0,1,0,0
Kickxia commutata,0,1,0,1,1,0,0
Kickxia elatine,0,1,0,1,1,0,0
Kickxia pendula,0,0,0,0,1,0,0
Kickxia spuria,0,1,0,0,0,0,0
Kleinia neriifolia,1,1,1,1,1,1,1
Krubera peregrina,0,0,1,1,1,0,0
Kumara plicatilis,0,0,0,1,0,0,0
Lablab purpureus,0,0,0,0,1,0,0
Lactuca palmensis,0,1,0,0,0,0,0
Lactuca sativa,0,1,1,1,0,1,1
Lactuca serriola,1,1,1,1,1,1,1
Lactuca viminea,0,1,0,0,0,0,0
Lagenaria siceraria,0,0,0,0,0,1,0
Lagurus ovatus,1,0,1,1,1,0,0
Lamarckia aurea,1,1,1,1,1,1,1
Lamium amplexicaule,1,1,1,1,1,1,1
Lamium purpureum,0,0,1,1,1,0,0
Lampranthus stipulaceus,0,0,0,1,0,0,0
Lantana camara,1,1,1,1,1,1,1
Lapsana communis,0,1,0,1,0,0,0
Lasiopogon muscoides,0,0,0,0,0,1,1
Lathyrus angulatus,1,1,0,1,1,0,0
Lathyrus annuus,1,1,1,1,1,1,0
Lathyrus aphaca,1,1,0,1,1,0,0
Lathyrus cicera,1,1,0,0,1,0,1
Lathyrus clymenum,1,1,1,1,1,1,1
Lathyrus ochrus,0,0,0,1,1,0,0
Lathyrus odoratus,1,1,1,1,1,0,0
Lathyrus oleraceus,0,1,1,1,1,1,1
Lathyrus sativus,1,1,1,1,1,1,1
Lathyrus setifolius,0,0,0,1,0,0,0
Lathyrus sphaericus,1,1,1,1,1,0,0
Lathyrus tingitanus,1,1,1,1,1,1,1
Launaea arborescens,1,1,1,1,1,1,1
Launaea capitata,0,0,0,0,0,1,1
Launaea mucronata,0,0,0,0,0,1,0
Launaea nudicaulis,1,1,1,1,1,1,1
Laurus novocanariensis,1,1,1,1,1,1,0
Lavandula bramwellii,0,0,0,0,1,0,0
Lavandula buchii,0,0,0,1,0,0,0
Lavandula canariensis,1,1,1,1,1,1,1
Lavandula dentata,0,1,1,1,1,0,1
Lavandula minutolii,0,0,0,1,1,0,0
Lavandula pedunculata,0,0,0,0,1,0,0
Lavandula pinnata,0,0,0,0,0,1,1
Lavandula stoechas,0,0,0,1,1,0,0
Legousia falcata,1,1,1,1,1,0,0
Legousia hybrida,0,0,0,1,1,0,1
Lemna gibba,1,1,1,1,1,0,0
Lemna minor,0,0,1,1,1,1,1
Lemna minuta,0,0,0,1,1,0,0
Lens nigricans,1,1,0,0,0,0,0
Leonotis nepetifolia,1,1,0,1,1,0,0
Leontodon saxatilis,1,1,1,1,1,1,1
Leopoldia comosa,1,1,1,1,1,1,1
Lepidium bonariense,0,1,1,1,0,0,0
Lepidium coronopus,0,0,0,1,1,1,0
Lepidium didymum,1,1,1,1,1,1,1
Lepidium sativum,0,0,0,1,0,0,0
Lepidium virginicum,0,1,1,1,0,0,0
Leucaena leucocephala,1,1,1,1,1,1,1
Leucanthemum maximum,0,0,0,1,0,0,0
Leuzea cynaroides,0,1,0,1,0,0,0
Ligustrum lucidum,0,0,0,1,1,0,0
Ligustrum vulgare,0,0,0,1,0,0,0
Lilium candidum,0,0,1,1,1,0,0
Limoniastrum monopetalum,0,0,0,0,1,1,0
Limonium arboreum,0,1,0,1,0,0,0
Limonium benmageci,0,0,0,0,1,0,0
Limonium bollei,0,0,0,0,0,1,0
Limonium bourgeaui,0,0,0,0,0,1,1
Limonium brassicifolium,1,0,1,0,0,0,0
Limonium dendroides,0,0,1,0,0,0,0
Limonium frutescens,0,0,0,1,0,0,0
Limonium imbricatum,0,1,0,1,0,0,0
Limonium lobatum,0,0,0,1,0,1,0
Limonium macrophyllum,0,0,0,1,0,0,0
Limonium ovalifolium,0,0,0,0,0,1,1
Limonium papillatum,0,0,0,0,0,1,1
Limonium pectinatum,1,1,1,1,1,0,0
Limonium perezii,0,0,0,1,0,0,0
Limonium preauxii,0,0,0,0,1,0,0
Limonium puberulum,0,0,0,0,0,1,1
Limonium redivivum,0,0,1,0,0,0,0
Limonium relicticum,0,0,1,0,0,0,0
Limonium sinuatum,0,0,0,0,0,0,1
Limonium spectabile,0,0,0,1,0,0,0
Limonium sventenii,0,0,0,0,1,0,0
Limonium tuberculatum,0,0,0,0,1,0,0
Limonium vigaroense,0,0,0,0,1,0,0
Linaria arvensis,0,0,0,0,1,1,0
Linaria micrantha,0,0,1,1,0,1,1
Linaria simplex,0,0,0,1,1,0,0
Linaria spartea,1,0,0,1,0,0,0
Linum bienne,1,1,1,1,1,0,0
Linum decumbens,0,1,0,1,0,0,0
Linum strictum,1,1,1,1,1,1,1
Linum trigynum,0,1,0,0,0,0,0
Linum usitatissimum,0,1,1,1,1,0,1
Lippia alba,0,0,0,1,0,0,0
Lobelia erinus,0,1,0,0,1,0,0
Lobularia canariensis,1,1,1,1,1,1,1
Lobularia libyca,1,1,1,1,1,1,1
Lobularia maritima,1,1,0,1,1,0,0
Loeflingia hispanica,0,0,0,0,0,1,1
Logfia clementei,0,0,0,0,0,1,1
Logfia gallica,1,1,1,1,1,1,1
Logfia minima,1,0,0,1,0,0,0
Lolium arundinaceum,0,1,0,1,0,1,0
Lolium atlantigenum,0,1,0,0,0,0,0
Lolium canariense,1,1,1,1,1,1,1
Lolium edwardii,1,0,1,1,0,0,0
Lolium interruptum,0,1,0,0,0,1,0
Lolium mediterraneum,0,1,0,0,0,0,0
Lolium multiflorum,1,1,1,1,1,1,1
Lolium perenne,1,1,1,1,1,1,1
Lolium remotum,1,1,0,1,1,0,0
Lolium rigidum,1,1,1,1,1,1,1
Lolium saxatile,0,0,0,0,0,1,1
Lolium temulentum,1,0,0,1,1,1,0
Lonicera etrusca,0,0,0,1,0,0,0
Lonicera japonica,0,0,0,1,0,0,0
Lonicera ligustrina,0,0,1,0,1,0,0
Lophocereus schottii,0,0,0,0,1,0,0
Lotus angustissimus,0,1,0,1,1,0,0
Lotus arinagensis,0,0,0,0,1,0,0
Lotus berthelotii,0,0,0,1,0,0,0
Lotus broussonetii,0,0,0,1,1,0,0
Lotus callis-viridis,0,0,0,0,1,0,0
Lotus campylocladus,1,1,0,1,0,0,0
Lotus corniculatus,0,1,0,0,0,0,1
Lotus creticus,0,0,1,0,0,1,0
Lotus dumetorum,0,0,0,1,0,0,0
Lotus emeroides,0,0,1,0,0,0,0
Lotus eremiticus,0,1,0,0,0,0,0
Lotus eriophthalmus,1,1,1,1,1,0,0
Lotus glaucus,1,1,1,1,1,1,0
Lotus glinoides,1,0,1,1,1,1,1
Lotus gomerythus,0,0,1,0,0,0,0
Lotus holosericeus,0,0,0,0,1,0,0
Lotus kunkelii,0,0,0,0,1,0,0
Lotus lancerottensis,0,0,0,0,0,1,1
Lotus maculatus,0,0,0,1,0,1,0
Lotus mascaensis,0,0,0,1,0,0,0
Lotus ornithopodioides,0,0,0,0,1,0,0
Lotus parviflorus,0,0,0,0,1,1,0
Lotus pedunculatus,0,0,0,1,0,0,0
Lotus pyranthus,0,1,0,0,0,0,0
Lotus sessilifolius,1,1,1,1,1,0,0
Lotus spartioides,0,0,0,0,1,0,0
Lotus spectabilis,0,0,0,1,0,0,0
Lotus tenellus,0,0,0,1,1,0,0
Lotus tetragonolobus,0,0,0,1,1,0,0
Lunaria annua,0,0,0,0,1,0,0
Lupinus albus,1,1,1,1,1,0,0
Lupinus angustifolius,1,1,0,1,1,0,0
Lupinus luteus,0,0,0,1,0,0,0
Lupinus pilosus,0,1,0,1,0,0,0
Luzula canariensis,0,0,1,1,0,0,0
Luzula elegans,1,1,1,1,1,0,0
Luzula forsteri,0,0,1,1,1,0,0
Luzula pilosa,0,0,0,1,0,0,0
Lycium europaeum,0,1,1,1,0,0,0
Lycium intricatum,0,1,1,1,1,1,1
Lysimachia arvensis,1,1,1,1,1,1,1
Lysimachia foemina,0,0,0,1,0,0,0
Lysimachia linum-stellatum,1,1,1,1,1,1,1
Lysimachia wildpretii,1,1,0,1,1,1,1
Lythrum hyssopifolia,1,1,1,1,1,1,1
Lythrum junceum,0,1,1,1,1,0,0
Maclura pomifera,0,0,0,0,1,0,0
Macrochloa tenacissima,0,0,0,0,0,1,0
Maireana brevifolia,0,0,0,0,1,1,1
Mairetis microsperma,0,0,0,1,1,1,1
Malcolmia maritima,0,1,0,1,1,1,1
Malephora crocea,0,0,1,1,1,1,1
Malva acerifolia,0,1,1,1,1,0,0
Malva alcea,1,0,0,1,0,0,0
Malva arborea,1,1,1,1,1,1,1
Malva durieui,0,0,0,1,0,0,0
Malva longiflora,0,0,0,1,0,0,0
Malva multiflora,1,1,1,1,1,1,1
Malva neglecta,1,0,0,1,1,1,1
Malva nicaeensis,0,1,1,1,1,1,1
Malva parviflora,1,1,1,1,1,1,1
Malva phoenicea,0,0,0,1,0,0,0
Malva pusilla,1,0,0,1,0,0,0
Malvastrum corchorifolium,0,1,0,1,1,0,0
Malvastrum coromandelianum,0,1,0,0,1,0,0
Malvaviscus arboreus,0,0,0,1,1,0,0
Mangifera indica,0,1,1,1,0,0,0
Marcetella moquiniana,0,0,1,1,1,0,0
Marcus-kochia littorea,0,0,0,0,0,0,1
Marrubium vulgare,1,1,1,1,1,1,1
Marsilea quadrifolia,0,0,0,0,1,0,0
Matricaria chamomilla,1,1,1,1,1,1,1
Matthiola bolleana,0,0,0,1,1,1,1
Matthiola incana,0,1,1,1,1,0,1
Matthiola longipetala,0,0,0,0,0,1,1
Matthiola parviflora,1,1,1,1,1,1,1
Maurandya barclayana,0,1,0,0,0,0,0
Maurandya scandens,0,1,1,1,0,0,0
Medicago arabica,0,1,0,1,1,0,0
Medicago arborea,1,0,0,0,0,0,0
Medicago intertexta,0,0,0,1,1,1,0
Medicago laciniata,1,1,1,1,1,1,1
Medicago littoralis,1,0,1,1,1,1,1
Medicago lupulina,1,1,0,1,1,0,0
Medicago marina,0,0,0,1,0,0,0
Medicago minima,1,1,1,1,1,1,1
Medicago monspeliaca,0,0,0,0,0,0,1
Medicago orbicularis,0,1,0,1,1,1,1
Medicago polymorpha,1,1,1,1,1,1,1
Medicago sativa,1,1,0,1,1,1,1
Medicago soleirolii,0,0,0,0,1,0,1
Medicago tornata,1,0,1,1,1,1,1
Medicago truncatula,1,1,1,1,1,0,1
Medicago turbinata,0,0,1,0,0,0,0
Megaskepasma erythrochlamys,0,0,0,0,0,0,1
Megathyrsus maximus,0,1,1,1,1,0,0
Melampodium montanum,0,1,0,0,0,0,0
Melia azedarach,1,1,0,1,1,0,0
Melianthus comosus,0,0,0,0,0,1,0
Melica canariensis,0,0,1,1,1,1,1
Melica teneriffae,0,0,1,1,1,0,1
Melilotus albus,0,1,0,0,1,0,0
Melilotus indicus,1,1,1,1,1,1,1
Melilotus infestus,1,0,0,0,0,0,0
Melilotus officinalis,0,0,0,0,1,0,0
Melilotus segetalis,0,0,0,1,1,1,0
Melilotus sulcatus,1,1,1,1,1,1,1
Melinis minutiflora,0,0,1,1,1,1,1
Melinis repens,0,0,0,1,0,0,0
Melissa officinalis,0,1,1,1,1,0,0
Mentha aquatica,0,0,0,1,1,0,0
Mentha arvensis,0,1,0,1,0,0,0
Mentha longifolia,0,1,1,1,1,0,0
Mentha pulegium,0,1,1,1,1,0,0
Mentha spicata,0,1,1,1,1,0,0
Mentha suaveolens,0,0,1,1,1,1,0
Mercurialis annua,1,1,1,1,1,1,1
Mercurialis canariensis,1,1,0,1,0,0,1
Mesembryanthemum cordifolium,1,1,1,1,1,1,1
Mesembryanthemum crystallinum,1,1,1,1,1,1,1
Mesembryanthemum nodiflorum,1,1,1,1,1,1,1
Mesembryanthemum theurkauffii,0,0,0,0,0,1,0
Micromeria benthamii,0,0,0,0,1,0,0
Micromeria canariensis,0,0,0,0,1,0,0
Micromeria densiflora,0,0,0,1,0,0,0
Micromeria ericifolia,0,0,0,1,0,0,0
Micromeria glomerata,0,0,0,1,0,0,0
Micromeria gomerensis,0,0,1,0,0,0,0
Micromeria helianthemifolia,0,0,0,0,1,0,0
Micromeria herpyllomorpha,0,1,0,0,0,0,0
Micromeria hierrensis,1,0,0,0,0,0,0
Micromeria lachnophylla,0,0,0,1,0,0,0
Micromeria lanata,0,0,0,0,1,0,0
Micromeria lasiophylla,0,0,0,1,0,0,0
Micromeria lepida,0,0,1,0,0,0,0
Micromeria leucantha,0,0,0,0,1,0,0
Micromeria mahanensis,0,0,0,0,0,1,1
Micromeria mahensis,0,0,0,0,0,1,1
Micromeria pedro-luisii,0,0,1,0,0,0,0
Micromeria pineolens,0,0,0,0,1,0,0
Micromeria rivas-martinezii,0,0,0,1,0,0,0
Micromeria rupestris,0,0,0,0,0,1,1
Micromeria teneriffae,0,0,0,1,0,0,0
Micromeria tenuis,0,0,0,0,1,0,0
Micromeria tragothymus,0,0,0,1,0,0,0
Mirabilis jalapa,1,1,1,1,1,1,1
Misopates calycinum,0,0,0,0,0,1,0
Misopates orontium,1,1,1,1,1,1,1
Misopates salvagense,1,0,0,0,0,1,1
Moehringia pentandra,1,1,1,1,1,0,1
Momordica charantia,1,1,0,0,0,0,0
Monanthes anagensis,0,0,0,1,0,0,0
Monanthes brachycaulos,0,0,0,1,1,0,0
Monanthes dasyphylla,0,0,0,1,0,0,0
Monanthes icterica,0,0,1,1,0,0,0
Monanthes laxiflora,0,1,1,1,1,1,1
Monanthes minima,0,0,0,1,0,0,0
Monanthes muralis,1,1,0,0,0,0,0
Monanthes niphophila,0,0,0,1,0,0,0
Monanthes pallens,0,0,1,1,0,0,0
Monanthes polyphylla,0,1,1,1,0,0,0
Monanthes purpurascens,0,0,0,0,1,0,0
Monanthes subcrassicaulis,0,1,0,1,0,0,0
Monanthes subrosulata,0,1,0,0,0,0,0
Monanthes wildpretii,0,0,0,1,0,0,0
Montanoa bipinnatifida,0,0,0,1,0,0,0
Morella rivas-martinezii,1,1,1,0,0,0,0
Moricandia arvensis,0,0,0,0,1,1,0
Morus alba,1,1,0,0,1,0,0
Morus nigra,1,1,1,1,1,1,1
Musa acuminata,1,1,1,1,1,1,1
Myoporum laetum,1,0,0,1,1,0,1
Myoporum tenuifolium,0,0,0,0,1,0,0
Myosotis discolor,1,1,1,1,1,0,0
Myosotis latifolia,1,1,1,1,1,0,0
Myosotis ramosissima,1,1,0,1,1,0,0
Myrica faya,1,1,1,1,1,1,1
Myriophyllum spicatum,1,1,0,1,1,0,0
Myriopus candidulus,1,1,1,1,1,1,1
Myrtus communis,0,0,1,1,1,0,0
Najas marina,0,0,0,0,1,1,0
Nanorrhinum heterophyllum,0,0,0,0,0,1,1
Nanorrhinum sagittatum,0,0,0,1,1,1,1
Nanorrhinum scoparium,0,1,1,1,1,0,0
Nanorrhinum urbanii,0,0,0,1,1,0,1
Narcissus tazetta,0,0,0,1,1,0,0
Nassella neesiana,1,1,1,1,1,1,1
Nasturtium officinale,0,1,1,1,1,1,0
Neatostema apulum,0,0,1,1,1,1,1
Nemesia melissifolia,0,0,0,1,0,0,0
Neotinea maculata,1,1,1,1,1,0,0
Nepeta teydea,0,1,0,1,0,0,0
Nephrolepis cordifolia,0,1,0,1,0,0,0
Nephrolepis exaltata,0,1,0,1,1,0,0
Nerium oleander,0,1,0,1,1,0,0
Neurada procumbens,0,0,0,0,1,0,0
Nicandra physalodes,0,1,1,1,1,0,1
Nicotiana alata,0,0,0,1,0,0,0
Nicotiana glauca,1,1,1,1,1,1,1
Nicotiana glutinosa,0,0,0,1,0,0,0
Nicotiana paniculata,0,0,0,1,0,0,0
Nicotiana rustica,0,0,0,1,0,0,0
Nicotiana tabacum,1,1,1,1,1,1,1
Nigella damascena,0,1,1,1,0,0,0
Nothoscordum gracile,1,1,1,1,1,0,1
Notobasis syriaca,0,0,0,0,1,0,1
Notoceras bicorne,1,1,1,1,1,1,1
Ocimum basilicum,0,1,0,1,1,1,1
Ocotea foetens,1,1,1,1,1,0,0
Odontites hollianus,0,1,0,0,0,0,0
Oenothera biennis,0,0,0,1,0,0,0
Oenothera glazioviana,0,1,0,1,0,0,0
Oenothera indecora,0,1,0,0,0,0,0
Oenothera jamesii,0,1,0,1,0,0,0
Oenothera parodiana,0,1,0,0,0,0,0
Oenothera rosea,0,1,0,1,1,1,1
Oenothera stricta,0,0,0,1,0,0,0
Ogastemma pusillum,0,0,0,0,0,1,0
Olea europaea,1,1,1,1,1,1,1
Oligomeris linifolia,0,0,0,1,1,1,1
Oloptum miliaceum,0,0,1,1,1,0,0
Ononis angustissima,0,0,0,1,1,1,1
Ononis catalinae,0,0,0,0,0,1,1
Ononis christii,0,0,0,0,0,1,0
Ononis dentata,1,1,1,1,1,0,1
Ononis diffusa,1,1,1,1,1,1,1
Ononis hebecarpa,0,0,0,0,0,1,1
Ononis hesperia,0,0,0,1,1,1,1
Ononis laxiflora,0,1,0,0,1,1,1
Ononis mitissima,1,1,1,1,1,0,0
Ononis natrix,0,0,0,0,1,1,1
Ononis pendula,0,0,0,0,1,1,1
Ononis reclinata,1,1,1,1,1,1,1
Ononis serrata,1,1,1,1,1,1,1
Ononis sicula,0,0,0,0,0,1,1
Ononis tournefortii,1,0,1,1,1,1,1
Ononis variegata,0,0,0,0,1,0,0
Ononis viscosa,1,0,0,0,1,1,1
Onopordum carduelium,0,0,0,0,1,0,0
Onopordum micropterum,0,0,0,0,0,1,0
Ophioglossum azoricum,1,1,0,1,1,1,1
Ophioglossum lusitanicum,1,1,1,1,1,0,0
Ophioglossum polyphyllum,1,1,0,1,1,1,1
Ophrys bombyliflora,0,0,0,1,1,0,0
Oplismenus hirtellus,0,0,0,1,0,0,0
Opuntia basilaris,0,0,0,1,0,0,0
Opuntia dillenii,1,1,1,1,1,1,1
Opuntia elatior,0,0,0,1,0,0,0
Opuntia engelmannii,0,0,0,0,1,0,0
Opuntia ficus-indica,1,1,1,1,1,1,1
Opuntia leucotricha,0,1,0,0,1,0,0
Opuntia macrocentra,0,0,0,1,0,0,0
Opuntia maxima,1,1,1,1,1,1,1
Opuntia microdasys,0,0,0,1,1,1,0
Opuntia monacantha,0,1,1,1,1,1,1
Opuntia pilifera,0,0,0,1,1,0,0
Opuntia robusta,0,1,0,1,1,0,0
Opuntia tomentosa,1,1,1,1,1,1,1
Opuntia tuna,0,1,0,0,1,0,0
Orchis canariensis,1,1,1,1,1,0,0
Orchis mascula,0,1,0,0,0,0,0
Oreocereus pseudofossulatus,0,0,0,1,0,0,0
Origanum vulgare,1,1,1,1,0,0,0
Ornithogalum arabicum,0,0,0,1,0,0,0
Ornithogalum narbonense,0,0,1,1,1,1,1
Ornithogalum pyrenaicum,0,0,0,0,1,0,0
Ornithopus compressus,1,1,1,1,1,1,0
Ornithopus perpusillus,0,0,0,1,0,1,1
Ornithopus pinnatus,1,1,0,1,0,0,0
Orobanche amethystea,0,0,0,1,0,0,1
Orobanche artemisiae-campestris,0,0,0,0,0,1,1
Orobanche calendulae,0,0,0,0,0,0,1
Orobanche cernua,1,0,1,1,1,1,1
Orobanche crenata,1,0,0,1,1,0,1
Orobanche gratiosa,0,0,0,0,1,1,1
Orobanche hederae,0,1,1,1,0,0,0
Orobanche minor,1,1,0,0,1,1,1
Orobanche mutelii,1,0,1,1,1,1,1
Orobanche nana,1,1,0,1,1,1,0
Orobanche purpurea,1,1,1,1,1,0,1
Orobanche ramosa,1,1,1,1,1,1,1
Orobanche schultzii,0,0,0,0,1,0,0
Orobanche trichocalyx,0,0,0,1,1,0,0
Orobanche variegata,1,1,1,1,1,0,1
Oropetium capense,0,0,0,0,1,0,0
Oryza sativa,0,0,0,1,0,0,0
Osyris lanceolata,0,1,1,1,0,0,0
Oxalis adenophylla,0,1,0,0,0,0,0
Oxalis bowiei,0,0,0,0,1,0,0
Oxalis corniculata,1,1,1,1,1,1,1
Oxalis debilis,0,1,1,1,1,0,0
Oxalis latifolia,0,1,0,1,1,1,0
Oxalis pes-caprae,1,1,1,1,1,1,1
Oxalis purpurea,0,0,1,1,1,1,1
Oxalis stricta,0,0,0,0,1,0,0
Oxybasis glauca,0,0,0,0,1,1,0
Oxybasis urbica,0,0,0,1,1,0,0
Pallenis hierochuntica,0,0,0,0,0,1,0
Pallenis maritima,0,0,0,0,1,0,1
Pallenis spinosa,0,1,1,1,1,1,1
Pancratium canariense,1,1,1,1,1,1,1
Pancratium maritimum,0,0,0,0,0,1,1
Panicum capillare,0,0,0,1,0,0,0
Panicum miliaceum,0,1,0,0,0,1,0
Panicum repens,0,0,1,1,1,0,0
Papaver argemone,0,0,0,0,0,1,1
Papaver dodecandrum,1,1,1,1,1,1,1
Papaver dubium,1,1,1,1,1,1,1
Papaver pinnatifidum,1,1,1,1,1,1,1
Papaver rhoeas,1,1,1,1,1,1,1
Papaver somniferum,1,1,1,1,1,1,1
Parapholis incurva,0,0,0,0,0,1,1
Parapholis pycnantha,0,0,0,0,1,1,0
Paraserianthes lophantha,0,1,1,1,1,1,0
Parentucellia latifolia,0,0,0,1,1,0,0
Parentucellia viscosa,1,1,1,1,1,0,0
Parietaria debilis,1,1,1,1,1,1,1
Parietaria filamentosa,0,1,1,1,0,0,0
Parietaria judaica,1,1,1,1,1,1,1
Parietaria mauritanica,1,0,0,1,0,0,1
Parkinsonia aculeata,0,0,0,1,1,1,0
Parolinia aridanae,0,1,0,0,0,0,0
Parolinia filifolia,0,0,0,0,1,0,0
Parolinia glabriuscula,0,0,0,0,1,0,0
Parolinia intermedia,0,0,0,1,0,0,0
Parolinia ornata,0,0,0,0,1,0,0
Parolinia platypetala,0,0,0,0,1,0,0
Parolinia schizogynoides,0,0,1,0,0,0,0
Paronychia argentea,1,0,0,0,1,0,0
Paronychia canariensis,1,1,1,1,1,0,0
Paronychia capitata,0,0,0,0,1,0,0
Paronychia echinulata,0,1,0,0,1,0,0
Parthenocissus tricuspidata,0,0,0,0,1,0,0
Pascalia glauca,0,1,0,0,0,0,0
Paspalum dilatatum,0,1,0,1,0,0,0
Paspalum distichum,0,1,1,1,1,0,0
Paspalum notatum,0,0,0,1,0,0,0
Paspalum urvillei,0,1,0,0,0,0,0
Paspalum vaginatum,0,1,0,1,1,0,0
Passiflora caerulea,0,1,0,1,0,0,0
Passiflora edulis,0,1,0,0,1,0,0
Passiflora mollissima,0,1,0,0,0,0,0
Passiflora morifolia,0,0,0,1,1,0,0
Passiflora suberosa,0,1,0,0,1,0,0
Patellifolia procumbens,1,1,1,1,1,1,1
Pavonia sepioides,0,0,0,1,0,0,0
Pelargonium capitatum,0,1,0,0,0,0,1
Pelargonium cuccullatum,0,1,0,0,0,0,0
Pelargonium graveolens,1,0,1,1,1,0,0
Pelargonium inquinans,0,1,0,1,1,0,1
Pelargonium peltatum,0,0,0,1,1,0,0
Pelargonium quercifolium,0,0,1,1,0,0,0
Pelargonium zonale,0,0,0,1,1,0,0
Pericallis appendiculata,0,1,1,1,1,0,0
Pericallis cruenta,1,0,1,1,1,0,0
Pericallis echinata,0,0,0,1,0,0,0
Pericallis hadrosoma,0,0,0,0,1,0,0
Pericallis hansenii,0,0,1,0,0,0,0
Pericallis hillebrandii,0,1,0,0,0,0,0
Pericallis lanata,0,0,0,1,0,0,0
Pericallis multiflora,0,0,0,1,0,0,0
Pericallis murrayi,1,0,0,0,0,0,0
Pericallis papyracea,0,1,0,0,0,0,0
Pericallis steetzii,0,0,1,0,0,0,0
Pericallis tussilaginis,0,0,0,1,1,0,0
Pericallis webbii,0,0,0,0,1,0,0
Periploca laevigata,1,1,1,1,1,1,1
Persea americana,0,1,1,1,0,0,0
Persea barbujana,1,1,1,1,1,1,0
Persea indica,1,1,1,1,1,0,0
Persicaria capitata,0,1,1,1,1,0,0
Persicaria decipiens,0,0,1,1,1,0,0
Persicaria maculosa,0,1,0,1,1,0,0
Petrea volubilis,0,1,0,1,0,0,0
Petrorhagia dubia,0,0,0,0,1,0,0
Petrorhagia nanteuilii,1,1,1,1,1,0,1
Petroselinum crispum,1,1,1,1,1,1,1
Petunia axillaris,0,0,0,1,0,0,1
Phacelia tanacetifolia,0,1,0,0,1,1,0
Phagnalon purpurascens,1,1,1,1,1,1,1
Phagnalon rupestre,1,1,1,1,1,1,1
Phagnalon saxatile,1,1,1,1,1,1,1
Phagnalon umbelliforme,1,1,1,1,1,0,0
Phalaris aquatica,1,1,0,1,1,0,0
Phalaris brachystachys,1,0,1,1,1,1,1
Phalaris canariensis,1,1,1,1,1,1,1
Phalaris coerulescens,1,1,1,1,1,1,1
Phalaris minor,0,1,1,1,1,1,1
Phalaris paradoxa,0,1,1,1,1,1,1
Phaseolus acutifolius,0,0,0,0,1,0,0
Phaseolus vulgaris,0,0,0,0,1,0,0
Phillyrea angustifolia,0,0,0,0,1,1,1
Phillyrea latifolia,0,0,0,0,0,0,1
Phlebodium aureum,0,1,0,1,0,0,0
Phlomis purpurea,0,0,0,0,1,0,0
Phoenix canariensis,1,1,1,1,1,1,1
Phoenix dactylifera,0,1,0,1,1,1,1
Phormium tenax,0,0,0,1,0,0,0
Phragmites australis,0,0,1,1,1,1,1
Phyla nodiflora,0,0,1,1,1,0,0
Phyllanthus tenellus,0,0,0,0,1,0,0
Phyllis nobla,1,1,1,1,1,0,0
Phyllis viscosa,1,0,1,1,0,0,0
Physalis peruviana,1,1,1,1,1,0,0
Phytolacca americana,1,1,0,1,1,0,0
Phytolacca dioica,0,1,0,1,1,0,0
Picconia excelsa,1,1,1,1,1,1,0
Picnomon acarna,0,0,0,0,1,0,0
Picris hieracioides,0,0,0,0,0,0,0
Pilea microphylla,0,1,0,1,0,0,0
Pilosocereus pachycladus,0,0,0,1,0,0,1
Pimpinella anagodendron,0,0,0,1,0,0,0
Pimpinella cumbrae,0,1,0,1,0,0,0
Pimpinella dendroselinum,0,1,0,1,0,0,0
Pimpinella junionae,0,0,1,0,0,0,0
Pinus canariensis,1,1,1,1,1,0,0
Pinus halepensis,1,1,1,1,1,1,1
Pinus nigra,0,0,0,1,0,0,0
Pinus pinaster,0,0,0,1,1,0,0
Pinus pinea,0,0,0,0,1,0,0
Pinus radiata,1,1,1,1,1,0,1
Pinus sylvestris,0,0,0,0,0,0,0
Piptatherum coerulescens,1,0,1,1,1,0,1
Pistacia atlantica,0,1,1,1,1,1,0
Pistacia lentiscus,0,0,1,1,1,1,1
Pistacia terebinthus,0,1,0,1,1,0,0
Pistia stratiotes,0,1,1,1,1,1,1
Pittosporum coriaceum,0,0,0,1,0,0,0
Pittosporum tobira,0,0,0,1,1,0,0
Pittosporum undulatum,0,0,0,1,1,0,0
Plantago afra,1,1,1,1,1,1,1
Plantago albicans,0,0,0,1,1,1,1
Plantago amplexicaulis,1,1,1,1,1,1,1
Plantago arborescens,1,1,1,1,1,0,0
Plantago asphodeloides,0,0,1,1,1,0,0
Plantago bellardii,1,0,0,1,0,0,0
Plantago ciliata,0,0,0,0,1,1,0
Plantago coronopus,1,1,1,1,1,1,1
Plantago famarae,0,0,0,0,0,0,1
Plantago lagopus,1,1,1,1,1,1,1
Plantago lanceolata,1,0,0,1,1,0,0
Plantago loeflingii,1,0,1,1,1,0,0
Plantago major,1,1,1,1,1,1,1
Plantago ovata,0,1,1,1,1,1,1
Plantago phaeostoma,0,0,0,0,0,1,1
Plantago webbii,0,1,0,1,1,0,0
Platycapnos spicatus,0,0,0,1,0,1,0
Platycerium bifurcatum,0,1,0,0,0,0,0
Pleiomeris canariensis,0,1,1,1,1,0,0
Plerandra elegantissima,0,1,0,1,0,0,0
Plocama pendula,1,1,1,1,1,1,0
Pluchea carolinensis,0,0,0,0,1,0,0
Pluchea dioscoridis,0,0,0,1,0,0,0
Pluchea ovalis,0,0,0,1,0,0,0
Plumbago auriculata,0,1,1,1,1,0,0
Plumeria obtusa,0,1,1,1,0,0,0
Plumeria rubra,0,1,0,0,1,0,0
Poa angustifolia,0,1,1,1,0,0,0
Poa annua,1,1,1,1,1,1,1
Poa bulbosa,1,0,0,1,1,0,0
Poa infirma,0,1,0,1,1,1,1
Poa leptoclada,0,1,0,1,0,0,0
Poa pitardiana,0,0,1,1,1,0,0
Poa pratensis,0,0,0,1,1,0,0
Poa trivialis,0,0,0,1,0,0,1
Podranea ricasoliana,0,1,0,1,0,1,0
Polycarpaea aristata,0,1,0,1,1,0,0
Polycarpaea carnosa,0,0,1,1,1,0,0
Polycarpaea corymbosa,0,0,1,1,1,0,0
Polycarpaea divaricata,1,1,1,1,1,1,1
Polycarpaea latifolia,0,0,1,1,1,0,0
Polycarpaea nivea,0,1,0,1,1,1,1
Polycarpaea robusta,0,0,0,0,0,0,1
Polycarpaea smithii,1,1,1,0,0,0,0
Polycarpaea tenuis,0,1,0,1,0,0,0
Polycarpon alsinifolium,0,0,0,0,0,0,1
Polycarpon tetraphyllum,1,1,1,1,1,1,1
Polygonum arenastrum,0,1,0,0,0,0,0
Polygonum aviculare,1,1,1,1,1,1,1
Polygonum balansae,0,0,0,1,1,0,0
Polygonum equisetiforme,0,0,0,0,1,1,0
Polygonum maritimum,0,1,0,1,1,1,1
Polygonum rurivagum,1,0,0,0,0,0,0
Polypodium macaronesicum,1,1,1,1,1,1,1
Polypogon fugax,1,1,1,1,1,1,1
Polypogon maritimus,0,0,0,1,1,1,1
Polypogon monspeliensis,1,1,1,1,1,1,1
Polypogon viridis,1,1,1,1,1,1,1
Polystichum aculeatum,0,1,1,1,0,0,0
Polystichum setiferum,1,1,1,1,0,0,0
Pontederia crassipes,0,1,0,1,0,0,0
Populus alba,0,1,1,1,1,1,0
Populus nigra,0,0,0,0,1,0,0
Portulaca canariensis,0,0,0,1,0,1,1
Portulaca granulatostellulata,1,1,0,1,1,0,1
Portulaca nicaraguensis,0,1,0,1,0,0,0
Portulaca nitida,0,1,0,1,0,0,1
Portulaca oleracea,1,1,1,1,1,1,1
Portulaca papillatostellulata,0,1,0,1,0,0,0
Portulacaria afra,0,1,1,1,1,1,1
Potamogeton nodosus,0,0,1,1,1,0,0
Potamogeton pusillus,0,0,0,1,1,0,0
Potamogeton trichoides,0,0,0,1,1,0,0
Potentilla indica,0,0,0,1,0,0,0
Potentilla reptans,0,0,1,0,0,0,0
Prasium majus,0,0,0,1,0,0,0
Prosopis juliflora,0,0,0,0,1,0,0
Prunella vulgaris,0,1,0,1,1,0,0
Prunus cerasus,0,1,0,1,1,0,0
Prunus domestica,0,0,1,1,1,0,0
Prunus dulcis,1,1,1,1,1,1,1
Prunus lusitanica,1,1,1,1,1,0,0
Pseudosasa japonica,0,0,1,0,1,0,0
Psidium guajava,0,1,0,1,0,0,0
Psilotum nudum,0,1,0,1,0,0,1
Pteranthus dichotomus,0,0,0,0,0,1,1
Pteridium aquilinum,1,1,1,1,1,0,1
Pteris cretica,0,0,0,0,1,0,0
Pteris incompleta,0,1,1,1,1,0,0
Pteris multifida,1,0,0,0,0,0,0
Pteris tremula,0,0,0,1,1,0,0
Pteris vittata,0,1,1,1,1,0,0
Pterocephalus dumetorum,0,1,0,1,1,0,0
Pterocephalus lasiospermus,0,0,0,1,0,0,0
Pterocephalus porphyranthus,0,1,0,0,0,0,0
Pterocephalus virens,0,0,0,1,0,0,0
Puccinellia maritima,0,0,0,1,0,0,0
Pulicaria burchardii,0,0,0,0,0,1,0
Pulicaria canariensis,0,0,0,0,0,1,1
Pulicaria odora,0,0,0,0,1,0,0
Pulicaria paludosa,0,0,0,1,0,0,0
Pulicaria undulata,0,0,0,0,1,0,0
Punica granatum,1,1,1,1,1,1,1
Pyrostegia venusta,0,1,0,1,1,0,0
Pyrus communis,0,0,0,1,0,0,0
Quercus ilex,0,1,1,1,1,0,0
Quercus robur,0,0,0,1,1,0,0
Quercus rotundifolia,0,0,0,0,0,0,1
Quercus suber,0,0,0,1,1,0,0
Radiola linoides,1,1,0,1,1,0,0
Ranunculus aquatilis,0,0,0,1,0,0,0
Ranunculus arvensis,0,0,0,0,1,0,0
Ranunculus baudotii,0,0,0,1,0,0,0
Ranunculus cortusifolius,1,1,1,1,1,1,1
Ranunculus ficaria,0,0,0,1,0,0,0
Ranunculus fluitans,0,0,0,1,0,0,0
Ranunculus muricatus,1,1,1,1,1,0,0
Ranunculus ololeucos,0,0,0,1,0,0,0
Ranunculus ophioglossifolius,0,0,0,1,0,0,0
Ranunculus parviflorus,1,1,1,1,1,0,0
Ranunculus peltatus,0,0,0,1,0,0,0
Ranunculus penicillatus,0,0,0,1,0,0,0
Ranunculus repens,0,0,0,1,0,0,0
Ranunculus sardous,0,0,0,1,1,0,0
Ranunculus trichophyllus,0,0,0,1,1,0,0
Ranunculus trilobus,1,1,1,1,1,0,0
Raphanus raphanistrum,1,1,1,1,1,1,1
Rapistrum rugosum,1,1,1,1,1,1,1
Ravenala madagascariensis,0,1,0,1,0,1,0
Reichardia crystallina,0,0,0,1,1,0,0
Reichardia famarae,0,0,0,0,0,1,1
Reichardia intermedia,1,1,0,1,1,1,1
Reichardia ligulata,1,1,1,1,1,1,0
Reichardia picroides,0,0,1,1,1,1,1
Reichardia tingitana,0,1,1,1,1,1,1
Reseda lancerotae,0,0,0,0,1,1,1
Reseda lutea,0,0,0,0,0,1,0
Reseda luteola,1,1,0,1,1,1,1
Reseda scoparia,0,1,1,1,1,0,0
Retama monosperma,1,1,1,1,1,1,0
Retama raetam,0,1,0,1,0,0,1
Retama rhodorhizoides,1,1,1,1,1,1,1
Rhagadiolus stellatus,0,0,1,1,1,1,1
Rhamnus alaternus,0,0,0,0,1,0,0
Rhamnus crenulata,1,1,1,1,1,1,1
Rhamnus glandulosa,0,1,1,1,1,0,0
Rhamnus integrifolia,0,0,0,1,0,0,0
Rhodalsine geniculata,0,0,0,0,1,1,1
Rhus coriaria,1,1,1,1,1,0,0
Rhynchosia caribaea,0,0,0,1,0,0,0
Ricinus communis,1,1,1,1,1,1,1
Ridolfia segetum,0,0,0,1,1,0,1
Robinia pseudoacacia,0,0,0,0,1,0,0
Roldana petasitis,0,0,0,1,1,0,0
Romulea columnae,1,1,1,1,1,1,1
Rosa canina,0,1,1,1,1,0,0
Rosa micrantha,1,0,0,0,0,0,0
Rosa rubiginosa,0,0,0,0,1,0,0
Rostraria cristata,1,1,1,1,1,1,1
Rostraria pumila,1,1,0,1,1,1,1
Rubia angustifolia,0,0,0,0,0,1,0
Rubia fruticosa,1,1,1,1,1,1,1
Rubia occidens,1,1,1,1,1,1,1
Rubia peregrina,0,0,0,0,0,1,0
Rubus bollei,1,1,1,1,1,1,0
Rubus palmensis,0,1,1,1,1,0,0
Rubus ulmifolius,1,1,1,1,1,1,0
Ruellia bourgaei,0,0,0,1,0,0,0
Rumex acetosella,1,1,1,1,1,1,1
Rumex bipinnatus,0,0,0,0,0,1,1
Rumex bucephalophorus,1,1,1,1,1,1,1
Rumex conglomeratus,0,1,1,1,1,0,0
Rumex crispus,0,0,1,1,1,0,1
Rumex cristatus,0,1,0,1,0,0,0
Rumex induratus,0,0,0,1,1,0,0
Rumex lunaria,1,1,1,1,1,1,1
Rumex maderensis,1,1,1,1,1,0,0
Rumex obtusifolius,1,1,1,1,1,0,0
Rumex palustris,0,0,0,1,0,0,0
Rumex pulcher,1,1,1,1,1,0,0
Rumex spinosus,1,1,1,1,1,1,1
Rumex vesicarius,1,1,1,1,1,1,1
Ruppia maritima,0,1,1,1,1,1,1
Ruscus aculeatus,0,0,0,1,0,0,1
Ruscus hypoglossum,0,0,0,0,1,0,0
Russelia equisetiformis,0,1,0,1,1,0,0
Ruta chalepensis,1,1,1,1,1,1,1
Ruta graveolens,0,0,0,0,1,0,0
Ruta microcarpa,0,0,1,0,0,0,0
Ruta oreojasme,0,0,0,0,1,0,0
Ruta pinnata,0,1,0,1,0,0,0
Rutheopsis herbanica,0,0,0,0,0,1,1
Sabulina mediterranea,0,0,1,0,0,0,0
Saccharum officinarum,0,0,0,1,1,0,0
Sagina apetala,1,1,1,1,1,1,1
Sagina maritima,0,0,0,1,0,0,0
Sagina procumbens,1,1,0,1,1,0,0
Salicornia perennis,0,0,0,0,1,1,1
Salix fragilis,1,0,1,1,1,0,0
Salix pedicellata,1,1,1,1,1,0,0
Salpichroa origanifolia,0,0,0,1,1,1,0
Salsola divaricata,0,1,1,1,1,1,1
Salsola kali,0,0,0,1,1,1,0
Salsola longifolia,0,0,0,1,0,0,0
Salsola oppositifolia,0,0,1,1,0,1,1
Salvia aegyptiaca,0,0,1,1,1,1,1
Salvia africana,0,1,0,0,0,0,0
Salvia broussonetii,0,0,0,1,0,0,0
Salvia canariensis,1,1,1,1,1,1,1
Salvia coccinea,0,1,1,1,1,0,1
Salvia fruticosa,1,0,0,1,0,0,0
Salvia herbanica,0,0,0,0,0,1,0
Salvia hispanica,0,0,0,0,1,0,0
Salvia leucantha,1,1,1,1,1,0,0
Salvia microphylla,0,0,0,0,1,0,0
Salvia officinalis,0,0,0,1,0,0,0
Salvia rosmarinus,1,1,1,1,1,0,0
Salvia verbenaca,1,1,1,1,1,1,1
Salvinia molesta,0,0,0,0,1,0,0
Salvinia natans,0,0,0,1,1,0,0
Sambucus canadensis,0,0,0,0,1,0,0
Sambucus palmensis,0,1,1,1,1,0,0
Samolus valerandi,0,1,1,1,1,1,1
Sanguisorba megacarpa,1,1,1,1,1,1,0
Sanguisorba menendezii,0,0,0,0,1,0,0
Saxifraga stolonifera,0,0,0,0,1,0,0
Scabiosa atropurpurea,1,1,1,1,1,0,0
Scandix brachycarpa,0,0,0,1,0,0,0
Scandix pecten-veneris,1,1,1,1,1,1,1
Schefflera actinophylla,0,1,0,1,1,0,0
Schenkia spicata,0,0,1,0,0,0,0
Schinus molle,0,1,1,1,1,1,1
Schinus terebinthifolia,0,0,0,1,1,1,0
Schismus arabicus,0,0,0,1,1,0,1
Schismus barbatus,1,1,1,1,1,1,1
Schizogyne glaberrima,0,0,0,1,1,0,0
Schizogyne sericea,1,1,1,1,1,0,1
Schoenoplectiella supina,0,0,0,0,1,0,0
Schoenoplectus triqueter,0,0,0,0,0,0,0
Scilla haemorrhoidalis,0,1,1,1,1,1,1
Scilla latifolia,1,1,1,1,0,1,1
Scilla peruviana,0,0,0,1,0,0,0
Scirpoides holoschoenus,0,1,1,1,1,0,0
Scleranthus annuus,0,0,0,1,1,0,0
Sclerophylax spinescens,0,0,0,1,1,1,0
Scolymus grandiflorus,0,0,0,1,0,0,0
Scolymus hispanicus,1,0,1,1,1,0,0
Scolymus maculatus,1,1,1,1,1,1,1
Scorpiurus muricatus,1,1,1,1,1,1,1
Scorpiurus vermiculatus,0,1,0,1,1,0,0
Scorzonera laciniata,0,0,0,1,1,1,1
Scorzoneroides palisiae,0,0,0,1,0,0,0
Scrophularia arguta,1,1,1,1,1,1,1
Scrophularia auriculata,0,0,0,0,1,0,0
Scrophularia calliantha,0,0,0,0,1,0,0
Scrophularia glabrata,0,1,0,1,0,0,0
Scrophularia parviflora,0,1,0,1,0,0,0
Scrophularia scorodonia,0,0,0,1,0,0,0
Scrophularia smithii,1,1,1,1,1,0,0
Searsia albida,0,0,0,0,0,1,0
Secale cereale,1,1,0,1,1,0,1
Sedum dendroideum,0,1,1,1,1,0,0
Sedum lancerottense,0,0,0,0,0,0,1
Sedum mexicanum,0,0,0,1,0,0,0
Sedum nudum,0,0,0,0,0,0,1
Sedum rubens,1,1,1,1,1,0,1
Selaginella denticulata,1,1,1,1,1,0,0
Selaginella kraussiana,1,0,0,1,1,0,0
Selaginella selaginoides,1,0,0,0,0,0,0
Selenicereus triangularis,0,0,0,1,0,0,0
Selenicereus undatus,0,1,1,1,1,1,0
Semele androgyna,1,1,1,1,1,0,0
Semele gayae,0,0,0,0,1,0,0
Senecio angulatus,1,1,0,1,1,0,0
Senecio bollei,0,0,0,0,0,1,0
Senecio flavus,0,0,0,1,1,1,1
Senecio glaucus,1,0,1,1,1,1,1
Senecio ilsae,0,0,1,0,0,0,0
Senecio incrassatus,1,1,0,0,0,0,0
Senecio leucanthemifolius,0,0,1,1,1,1,1
Senecio massaicus,0,0,0,1,1,1,1
Senecio teneriffae,1,1,1,1,1,0,0
Senecio vulgaris,1,1,1,1,1,1,1
Senna bicapsularis,1,1,1,1,1,1,0
Senna corymbosa,0,0,0,0,1,0,0
Senna didymobotrya,0,0,0,1,1,1,0
Senna multiglandulosa,0,0,0,0,0,1,0
Senna occidentalis,0,0,0,0,1,0,0
Senna spectabilis,0,0,0,0,1,0,0
Serapias parviflora,0,0,0,1,0,0,0
Sesleria albicans,0,1,0,0,0,0,0
Sesuvium portulacastrum,0,0,0,0,1,1,1
Sesuvium verrucosum,0,0,0,0,1,0,0
Setaria geminata,0,0,0,0,1,0,0
Setaria italica,0,0,0,0,1,0,0
Setaria megaphylla,0,1,0,1,0,0,0
Setaria parviflora,0,1,1,1,1,0,0
Setaria pumila,0,1,1,1,1,1,0
Setaria verticillata,1,1,1,1,1,1,1
Setaria viridis,0,0,0,1,1,0,0
Sherardia arvensis,1,1,1,1,1,1,1
Sicyos edulis,0,1,0,0,1,0,0
Sida acuta,0,0,0,1,1,0,0
Sida rhombifolia,0,1,1,1,1,0,0
Sida spinosa,1,1,0,0,0,0,0
Sidastrum paniculatum,0,0,0,1,0,0,0
Sideritis amagroi,0,0,0,0,1,0,0
Sideritis barbellata,0,1,0,0,0,0,0
Sideritis bolleana,0,1,0,0,0,0,0
Sideritis brevicaulis,0,0,0,1,0,0,0
Sideritis canariensis,1,1,0,1,0,0,0
Sideritis cretica,0,0,1,1,0,0,0
Sideritis cystosiphon,0,0,0,1,0,0,0
Sideritis dasygnaphala,0,0,0,0,1,0,0
Sideritis dendrochahorra,0,0,0,1,0,0,0
Sideritis discolor,0,0,0,0,1,0,0
Sideritis eriocephala,0,0,0,1,0,0,0
Sideritis ferrensis,1,0,0,0,0,0,0
Sideritis gomeraea,0,0,1,0,0,0,0
Sideritis guayedrae,0,0,0,0,1,0,0
Sideritis infernalis,0,0,0,1,0,0,0
Sideritis kuegleriana,0,0,0,1,0,0,0
Sideritis lotsyi,0,0,0,1,0,0,0
Sideritis macrostachyos,0,0,0,1,0,0,0
Sideritis marmorea,0,0,1,0,0,0,0
Sideritis mascaensis,0,0,0,1,0,0,0
Sideritis nervosa,0,0,0,1,0,0,0
Sideritis nutans,0,0,1,0,0,0,0
Sideritis oroteneriffae,0,0,0,1,0,0,0
Sideritis pumila,0,0,0,0,0,1,1
Sideritis santosii,0,0,0,1,0,0,0
Sideritis soluta,0,0,0,1,0,0,0
Sideritis sventenii,0,0,0,0,1,0,0
Sideroxylon canariense,1,1,1,1,1,1,0
Sigesbeckia orientalis,0,1,0,1,0,0,0
Silene apetala,1,1,1,1,1,1,1
Silene behen,0,0,0,1,1,1,1
Silene bellidifolia,0,0,0,1,0,0,1
Silene berthelotiana,1,0,0,1,0,0,0
Silene bourgauei,0,0,1,0,0,0,0
Silene canariensis,0,0,0,1,1,0,0
Silene colorata,0,0,0,0,0,1,1
Silene conica,0,0,0,0,1,0,0
Silene conoidea,0,0,0,1,0,0,0
Silene cretica,0,0,1,1,1,0,0
Silene diversifolia,0,0,0,0,0,0,1
Silene gallica,1,1,1,1,1,1,1
Silene gracilis,0,0,0,0,0,1,1
Silene inaperta,0,0,0,1,1,0,0
Silene lagunensis,0,0,0,1,0,0,0
Silene muscipula,0,0,0,0,0,1,0
Silene nocteolens,0,0,0,1,0,0,0
Silene nocturna,0,1,1,1,1,1,1
Silene nutans,1,1,1,1,0,0,0
Silene pogonocalyx,1,1,0,0,0,0,0
Silene rubella,0,0,0,0,0,0,1
Silene sabinosae,1,0,0,0,0,0,0
Silene tamaranae,0,0,0,0,1,0,0
Silene tridentata,0,0,1,1,1,1,1
Silene vulgaris,1,1,1,1,1,1,1
Silybum marianum,1,1,1,1,1,1,1
Simmondsia chinensis,0,0,0,0,0,0,1
Sinapis alba,1,1,1,1,1,1,1
Sinapis arvensis,1,1,1,1,1,1,1
Sinapis flexuosa,0,0,1,1,0,1,0
Sinapis pubescens,1,1,0,0,0,0,0
Sisymbrium erysimoides,1,1,1,1,1,1,1
Sisymbrium irio,1,1,1,1,1,1,1
Sisymbrium officinale,1,1,1,1,1,1,1
Sisymbrium orientale,0,1,0,1,1,0,0
Smilax aspera,1,1,1,1,1,1,0
Smilax canariensis,0,1,1,1,1,0,0
Smyrnium olusatrum,1,0,0,1,1,0,0
Solandra grandiflora,0,1,1,1,1,1,0
Solandra maxima,0,1,1,1,1,1,1
Solanum abutiloides,0,1,0,1,0,0,0
Solanum alatum,0,1,0,0,0,0,0
Solanum americanum,0,0,0,0,1,0,0
Solanum betaceum,0,0,0,1,1,0,0
Solanum bonariense,0,1,0,1,1,0,0
Solanum chenopodioides,0,1,1,1,1,0,0
Solanum chrysotrichum,0,0,0,0,1,0,0
Solanum decipiens,0,1,0,0,0,0,0
Solanum giganteum,0,0,0,0,1,0,0
Solanum hoehnei,1,0,0,1,1,0,1
Solanum laxum,0,0,0,1,1,0,0
Solanum lidii,0,0,0,0,1,0,0
Solanum lycopersicum,1,1,1,1,1,1,1
Solanum marginatum,0,0,0,1,1,0,0
Solanum mauritianum,0,1,0,1,0,0,0
Solanum nava,0,0,0,1,1,0,0
Solanum nigrum,0,1,1,1,1,1,1
Solanum pseudocapsicum,1,1,1,1,1,0,0
Solanum robustum,0,0,0,1,1,0,0
Solanum seaforthianum,0,1,0,0,1,0,0
Solanum tuberosum,0,0,1,1,1,1,1
Solanum vespertilio,0,0,0,1,1,0,0
Solanum villosum,1,1,1,1,1,1,0
Soleirolia soleirolii,0,0,0,1,1,0,0
Solenopsis laurentia,0,0,0,1,1,0,0
Soliva stolonifera,1,1,1,1,1,0,0
Sonchus acaulis,0,0,0,1,1,0,0
Sonchus arboreus,0,1,0,1,0,0,0
Sonchus asper,0,1,1,1,1,0,1
Sonchus bornmuelleri,0,1,0,0,0,0,0
Sonchus bourgeaui,0,0,0,0,1,1,1
Sonchus brachylobus,0,0,0,0,1,0,0
Sonchus bupleuroides,0,0,0,0,1,0,0
Sonchus canariensis,0,0,0,1,1,0,0
Sonchus capillaris,0,0,1,1,1,0,0
Sonchus congestus,0,0,0,1,1,0,0
Sonchus esperanzae,0,1,0,0,0,0,0
Sonchus fauces-orci,0,0,0,1,0,0,0
Sonchus gandogeri,1,0,0,0,0,0,0
Sonchus gomeraensis,0,0,1,0,0,0,0
Sonchus gummifer,0,0,0,1,0,0,0
Sonchus hierrensis,1,1,1,0,0,0,0
Sonchus heterophyllus,0,0,0,0,1,0,0
Sonchus leptocephalus,0,0,1,1,1,1,0
Sonchus lidii,1,0,0,0,0,0,0
Sonchus microcarpus,0,0,0,1,0,0,0
Sonchus oleraceus,1,1,1,1,1,1,1
Sonchus ortunoi,0,0,1,0,0,0,0
Sonchus palmensis,0,1,0,0,0,0,0
Sonchus pendulus,0,0,0,0,1,0,0
Sonchus pinnatifidus,0,0,0,0,0,1,1
Sonchus pitardii,1,0,0,0,0,0,0
Sonchus platylepis,0,0,0,0,1,0,0
Sonchus radicatus,0,0,0,1,0,0,0
Sonchus regis-jubae,0,1,1,1,1,0,0
Sonchus sventenii,0,0,1,0,0,0,0
Sonchus tectifolius,0,0,0,1,0,0,0
Sonchus tenerrimus,1,1,1,1,1,1,1
Sonchus tuberifer,0,0,0,1,0,0,0
Sonchus webbii,0,1,0,0,0,0,0
Sonchus wildpretii,0,0,1,0,0,0,0
Sorghum bicolor,0,1,1,0,1,0,0
Sorghum halepense,1,1,1,1,1,1,1
Spartium junceum,1,1,1,1,1,0,0
Spathodea campanulata,0,1,1,1,0,1,1
Spergula arvensis,1,1,1,1,1,1,1
Spergula pentandra,1,1,0,1,1,0,0
Spergularia bocconei,1,1,1,1,1,1,1
Spergularia bourgaei,0,0,0,1,0,0,0
Spergularia diandra,0,0,0,0,1,1,1
Spergularia fimbriata,0,0,0,1,1,1,0
Spergularia flaccida,1,0,1,1,1,1,1
Spergularia marina,0,1,0,1,1,1,1
Spergularia media,0,0,1,1,1,1,1
Sphenopus divaricatus,0,0,0,0,0,1,0
Spinacia oleracea,0,0,0,1,1,0,0
Spirobassia hirsuta,0,0,0,0,1,0,0
Spirodela punctata,0,1,0,1,0,0,0
Sporobolus africanus,0,1,0,0,0,0,0
Sporobolus copei,0,0,0,1,0,0,0
Sporobolus diandrus,0,0,0,1,0,0,0
Sporobolus indicus,0,1,0,1,1,0,0
Stachys arvensis,1,1,1,1,1,1,1
Stachys germanica,0,0,0,1,0,0,0
Stachys ocymastrum,1,1,1,1,1,1,1
Stellaria apetala,0,1,0,0,1,0,1
Stellaria media,1,1,1,1,1,1,1
Stenocereus dumortieri,0,0,0,1,0,0,0
Stenocereus pruinosus,0,0,0,1,0,0,0
Stenotaphrum secundatum,0,1,0,1,1,1,1
Stipagrostis ciliata,0,1,0,0,1,1,0
Stipellula capensis,1,1,1,1,1,1,1
Streptosolen jamesonii,0,1,0,1,1,0,0
Suaeda ifniensis,0,0,0,1,0,1,1
Suaeda maritima,0,0,0,1,1,1,1
Suaeda spicata,0,0,0,0,0,1,0
Suaeda vera,0,0,1,1,1,1,1
Suaeda vermiculata,0,0,0,1,1,1,1
Succowia balearica,0,0,0,1,0,0,0
Symphyotrichum laeve,0,1,0,1,0,0,0
Symphyotrichum lanceolatum,0,0,0,1,0,0,0
Symphyotrichum subulatum,1,1,1,1,1,1,1
Syzygium cumini,0,1,0,0,1,0,0
Syzygium jambos,0,1,0,1,0,0,0
Taeniatherum caput-medusae,0,0,0,1,0,0,0
Tagetes erecta,1,1,1,1,1,0,1
Tagetes minuta,0,1,1,1,1,0,0
Tamarix africana,0,0,0,1,1,1,1
Tamarix boveana,0,0,0,0,0,1,0
Tamarix canariensis,0,1,1,1,1,1,1
Tanacetum parthenium,0,1,0,1,1,0,1
Tara spinosa,0,0,0,1,1,1,0
Taraxacum canarense,0,0,1,1,0,0,0
Taraxacum degelii,0,1,0,0,0,0,0
Taraxacum duplidentifrons,0,1,0,0,0,0,0
Taraxacum duriense,0,0,0,0,1,0,0
Taraxacum gelertii,0,0,0,1,0,0,0
Taraxacum guanchicum,0,0,0,1,1,0,0
Taraxacum lidianum,0,1,0,0,0,0,0
Taraxacum lucidum,0,0,0,0,1,0,0
Taraxacum officinale,0,1,1,1,1,1,1
Tecoma stans,0,1,1,1,1,1,1
Tecomaria capensis,1,1,0,1,1,1,1
Teline canariensis,0,0,0,1,1,0,0
Teline microphylla,0,0,0,0,1,0,0
Teline nervosa,0,0,0,0,1,0,0
Teline osyrioides,0,0,0,1,0,0,0
Teline pallida,0,0,1,1,0,0,0
Teline rosmarinifolia,0,0,0,0,1,0,0
Teline salsoloides,0,0,0,1,0,0,0
Teline splendens,0,1,0,0,0,0,0
Teline stenopetala,1,1,1,1,1,0,0
Tephrocactus articulatus,0,0,0,1,0,0,0
Tetraclinis articulata,0,0,0,0,1,0,0
Tetragonia echinata,0,0,0,0,1,0,0
Tetragonia tetragonoides,1,1,1,1,1,0,0
Tetrapogon villosus,0,0,1,1,1,1,1
Teucrium heterophyllum,1,1,1,1,1,0,0
Teucrium spinosum,0,0,0,1,1,0,0
Theligonum cynocrambe,0,1,1,1,1,0,0
Thelocactus hastifer,0,0,0,1,0,0,0
Thelypteris dentata,0,1,1,1,1,0,0
Thesium canariensis,0,0,0,0,1,0,0
Thesium humile,0,1,1,1,1,1,1
Thesium psilotocladum,0,0,0,1,0,0,0
Thesium retamoides,0,1,0,1,0,0,0
Thesium subsucculentum,0,0,0,1,0,0,0
Thlaspi arvense,0,0,0,1,0,0,0
Thunbergia alata,0,1,1,1,1,0,0
Thunbergia grandiflora,0,1,1,0,1,0,0
Thymus origanoides,0,0,0,0,0,0,1
Thymus vulgaris,0,0,0,1,0,0,0
Tillandsia bergeri,0,0,0,1,0,0,0
Tipuana tipu,0,0,0,0,1,0,0
Tithonia diversifolia,0,1,0,1,0,0,0
Todaroa aurea,1,1,1,1,1,0,0
Tolpis barbata,1,1,1,1,1,1,1
Tolpis calderae,0,1,0,0,0,0,0
Tolpis coronopifolia,0,1,0,1,1,0,0
Tolpis crassiuscula,0,0,0,1,0,0,0
Tolpis glabrescens,0,0,0,1,0,0,0
Tolpis laciniata,1,1,1,1,0,0,0
Tolpis lagopoda,0,1,0,1,1,0,0
Tolpis proustii,1,0,1,0,0,0,0
Tolpis santosii,0,1,0,0,0,0,0
Tolpis umbellata,1,1,1,1,1,1,1
Tolpis webbii,0,0,0,1,0,0,0
Torilis arvensis,1,1,0,1,0,1,1
Torilis elongata,1,1,1,1,1,1,1
Torilis leptophylla,1,1,1,1,0,1,1
Torilis nodosa,1,1,1,1,1,1,1
Torilis webbii,0,0,0,1,0,1,1
Tradescantia cerinthoides,0,0,0,0,1,0,0
Tradescantia fluminensis,0,1,1,1,1,0,0
Tradescantia pallida,0,1,1,1,1,0,0
Tradescantia sillamontana,0,1,0,0,0,0,0
Tradescantia spathacea,0,0,0,0,1,0,0
Tradescantia zebrina,0,1,0,1,1,0,0
Traganum moquinii,0,0,1,1,1,1,1
Tragopogon porrifolius,0,1,1,1,1,0,0
Tragus racemosus,1,1,1,1,1,1,1
Tribulus terrestris,0,1,0,1,1,1,0
Trichocereus macrogonus,0,0,0,1,0,0,0
Tricholaena teneriffae,1,1,1,1,1,1,1
Trichomanes speciosum,1,1,1,1,1,0,0
Trifolium angustifolium,1,1,1,1,1,1,1
Trifolium arvense,1,1,1,1,1,1,1
Trifolium aureum,0,1,1,0,1,0,1
Trifolium bocconei,1,1,1,1,0,0,0
Trifolium campestre,1,1,1,1,1,1,1
Trifolium cernuum,0,0,0,1,0,0,0
Trifolium cherleri,1,1,1,1,1,0,0
Trifolium dubium,1,1,1,1,1,1,0
Trifolium fragiferum,0,0,0,1,1,0,0
Trifolium gemellum,1,0,0,1,0,0,0
Trifolium glomeratum,1,1,1,1,1,1,1
Trifolium hirtum,0,0,0,1,0,0,0
Trifolium lappaceum,0,0,1,1,0,0,1
Trifolium ligusticum,1,1,1,1,1,0,0
Trifolium micranthum,0,1,0,0,0,0,0
Trifolium obscurum,0,1,1,0,1,0,0
Trifolium occidentale,0,1,0,0,0,0,0
Trifolium pratense,0,0,0,1,1,1,0
Trifolium repens,1,1,0,1,1,1,0
Trifolium resupinatum,0,0,1,1,1,0,0
Trifolium scabrum,1,1,1,1,1,1,1
Trifolium spumosum,0,0,0,0,1,0,0
Trifolium squamosum,0,1,1,0,0,0,0
Trifolium squarrosum,0,1,1,1,1,0,0
Trifolium stellatum,0,1,1,1,1,1,1
Trifolium striatum,1,1,1,1,1,1,0
Trifolium subterraneum,1,1,1,1,1,0,0
Trifolium suffocatum,1,1,0,1,1,0,0
Trifolium tomentosum,1,1,1,1,1,1,1
Trigonella anguina,0,0,1,0,0,1,1
Trigonella stellata,0,0,0,1,1,1,1
Triplachne nitens,0,0,0,0,1,1,1
Tripleurospermum inodorum,0,0,0,0,1,0,0
Trisetaria lapalmae,1,1,0,1,1,1,1
Trisetaria loeflingiana,0,1,0,0,0,1,1
Trisetaria panicea,1,1,1,1,1,1,1
Trisetum tamonanteae,0,0,0,0,0,1,0
Triticum aestivum,0,1,0,0,1,1,0
Triticum turgidum,0,0,0,0,0,1,0
Tropaeolum majus,1,1,1,1,1,1,1
Tuberaria guttata,1,1,1,1,1,1,1
Tuberaria lignosa,0,1,0,1,0,0,0
Turnera ulmifolia,0,1,0,1,1,1,1
Typha domingensis,0,0,1,1,1,1,0
Ulex europaeus,0,0,0,1,0,0,0
Ulmus minor,0,1,0,1,1,0,0
Umbilicus heylandianus,0,1,0,0,1,0,0
Umbilicus horizontalis,1,1,1,1,1,1,1
Urochloa mutica,0,1,0,0,1,0,0
Urochloa plantaginea,0,0,0,0,1,0,0
Urochloa subquadripara,0,0,0,1,0,0,0
Urospermum picroides,1,1,1,1,1,1,1
Urtica membranacea,1,1,1,1,1,1,0
Urtica morifolia,1,1,1,1,1,0,0
Urtica stachyoides,1,1,0,1,1,0,0
Urtica urens,1,1,1,1,1,1,1
Vachellia farnesiana,1,0,1,1,1,1,1
Valantia hispida,1,1,1,1,1,1,1
Valeriana calcitrapae,1,1,1,1,1,0,0
Valeriana carinata,0,0,0,1,0,0,0
Valeriana coronata,0,0,0,0,1,0,0
Valeriana dentata,0,1,0,0,0,0,0
Valeriana discoidea,0,0,0,0,0,1,0
Valeriana eriocarpa,0,0,0,1,1,0,0
Valeriana locusta,0,0,0,1,1,0,0
Valeriana rubra,1,1,1,1,1,1,1
Valerianella abyssinica,0,0,1,1,0,0,0
Valerianella muricata,0,0,0,1,0,0,0
Verbascum creticum,0,0,0,0,1,0,0
Verbascum sinuatum,0,0,0,0,1,0,0
Verbascum thapsus,0,0,0,1,0,0,0
Verbascum virgatum,0,1,1,1,1,0,0
Verbena bonariensis,0,1,1,1,1,0,0
Verbena officinalis,0,1,1,1,1,1,1
Verbena supina,0,0,0,1,1,1,1
Verbesina encelioides,0,0,0,0,1,0,0
Veronica agrestis,0,0,1,1,1,0,0
Veronica anagallis-aquatica,0,0,0,1,1,0,0
Veronica arvensis,1,1,1,1,1,1,1
Veronica beccabunga,0,1,1,1,1,0,0
Veronica hederifolia,0,0,0,1,1,0,0
Veronica persica,0,1,1,1,1,0,0
Veronica polita,0,0,1,1,1,0,0
Veronica serpyllifolia,0,0,0,1,0,0,0
Viburnum rugosum,1,1,1,1,1,0,0
Vicia aphylla,1,1,1,1,1,0,0
Vicia articulata,1,1,1,1,1,0,0
Vicia benghalensis,1,1,1,1,1,1,1
Vicia chaetocalyx,0,0,0,0,1,0,0
Vicia disperma,1,1,1,1,1,0,0
Vicia ervilia,0,0,0,1,1,0,0
Vicia faba,0,0,0,1,1,0,0
Vicia filicaulis,0,0,0,0,1,0,0
Vicia hirsuta,1,1,1,1,1,0,1
Vicia lens,1,1,1,1,1,1,1
Vicia lutea,1,1,1,1,1,1,1
Vicia monantha,1,1,0,1,1,0,1
Vicia nataliae,0,0,1,1,0,0,0
Vicia pannonica,1,0,0,1,1,0,0
Vicia parviflora,1,1,1,1,1,1,1
Vicia pubescens,1,1,1,1,1,1,0
Vicia sativa,1,1,1,1,1,1,1
Vicia scandens,0,0,0,1,0,0,0
Vicia tenoi,0,0,0,1,0,0,0
Vicia tenuifolia,0,0,0,0,1,0,0
Vicia tetrasperma,1,1,1,1,1,1,1
Vicia villosa,1,1,1,1,1,1,1
Vicia voggenreiteriana,0,0,1,0,0,0,0
Vicia vulcanorum,0,1,0,0,0,1,1
Vieraea laevigata,0,0,0,1,0,0,0
Vinca difformis,0,1,0,1,0,0,0
Vinca major,1,1,1,1,1,0,0
Viola anagae,0,0,0,1,0,0,0
Viola arvensis,0,1,1,1,0,0,0
Viola cheiranthifolia,0,0,0,1,0,0,0
Viola guaxarensis,0,0,0,1,0,0,0
Viola odorata,0,1,1,1,1,0,0
Viola palmensis,0,1,0,0,0,0,0
Viola plantaginea,0,0,1,0,0,0,0
Viola riviniana,1,1,1,1,0,0,0
Viola tricolor,0,1,1,1,0,0,0
Visnaga daucoides,0,1,0,0,1,0,0
Visnea mocanera,1,1,1,1,1,1,0
Vitis vinifera,0,1,1,1,1,1,1
Volutaria bollei,0,0,0,0,0,1,1
Volutaria canariensis,1,1,1,1,1,1,1
Volutaria lippii,0,0,0,1,0,1,0
Volutaria tubuliflora,1,0,0,1,0,1,1
Wahlenbergia lobelioides,1,1,1,1,1,1,1
Waltheria indica,0,1,0,0,0,0,0
Wigandia urens,0,0,0,1,1,0,0
Withania aristata,1,1,1,1,1,0,0
Withania frutescens,0,0,0,0,1,1,0
Withania somnifera,0,1,1,1,1,0,0
Wolffia arrhiza,0,0,0,1,0,0,0
Woodwardia radicans,1,1,1,1,1,0,0
Xanthium spinosum,0,1,0,1,1,1,1
Xanthium strumarium,0,0,0,1,1,1,1
Xerochrysum bracteatum,0,0,0,1,0,0,0
Youngia japonica,0,0,0,0,1,0,0
Zannichellia palustris,0,0,1,1,1,1,0
Zantedeschia aethiopica,0,1,1,1,1,1,1
Zea mays,1,1,1,1,1,1,1
Zostera noltii,0,0,0,0,1,1,1
Zoysia matrella,0,1,0,0,0,0,0
Zygophyllum creticum,1,1,1,1,1,1,1
Zygophyllum fontanesii,1,0,1,1,1,1,1
Zygophyllum gaetulum,0,0,0,0,1,1,0
