species_name,growth_form,Source
Justicia hyssopifolia,Derived Woodiness,"Unless stated otherwise, the source is the same as in the Multi-SecSSE Canary Islands dataset"
Sambucus palmensis,Ancestral Woodiness,
Viburnum rugosum,Ancestral Woodiness,
Aizoanthemopsis hispanica,Annual Herbaceous,
Aizoon canariense,Annual Herbaceous,
Mesembryanthemum crystallinum,Annual Herbaceous,
Mesembryanthemum nodiflorum,Annual Herbaceous,
Mesembryanthemum theurkauffii,Annual Herbaceous,
Arthrocaulon macrostachyum,Perennial Herbaceous,
Atriplex glauca,Perennial Herbaceous,
Atriplex halimus,Perennial Herbaceous,
Bassia tomentosa,Insular Woodiness,
Bosea yervamora,Insular Woodiness,
Caroxylon tetrandrum,Derived Woodiness,47
Caroxylon vermiculatum,Derived Woodiness,47
Chenopodiastrum coronopus,Annual Herbaceous,
Chenopodiastrum murale,Annual Herbaceous,
Chenopodium album,Annual Herbaceous,
Chenopodium vulvaria,Annual Herbaceous,
Oxybasis glauca,Annual Herbaceous,
Oxybasis urbica,Annual Herbaceous,
Patellifolia procumbens,Perennial Herbaceous,
Salicornia perennis,Derived Woodiness,
Salsola divaricata,Derived Woodiness,
Salsola kali,Derived Woodiness,
Salsola oppositifolia,Derived Woodiness,
Suaeda ifniensis,Derived Woodiness,48
Suaeda maritima,Derived Woodiness,
Suaeda spicata,Derived Woodiness,
Suaeda vera,Derived Woodiness,
Traganum moquinii,Derived Woodiness,
Pistacia atlantica,Ancestral Woodiness,
Pistacia lentiscus,Ancestral Woodiness,
Rhus coriaria,Ancestral Woodiness,
Searsia albida,Ancestral Woodiness,
Ammi majus,Annual Herbaceous,
Ammi procerum,Annual Herbaceous,
Ammodaucus leucotrichus,Annual Herbaceous,
Apium nodiflorum,Perennial Herbaceous,
Astydamia latifolia,Perennial Herbaceous,
Athamanta cervariifolia,Perennial Herbaceous,2
Athamanta montana,Perennial Herbaceous,2
Bupleurum handiense,Derived Woodiness,
Bupleurum salicifolium,Derived Woodiness,
Bupleurum semicompositum,Annual Herbaceous,
Conium maculatum,Perennial Herbaceous,
Crithmum maritimum,Perennial Herbaceous,
Daucus aureus,Perennial Herbaceous,
Daucus carota,Perennial Herbaceous,
Daucus elegans,Perennial Herbaceous,
Drusa glandulosa,Annual Herbaceous,
Ferula arnoldiana,Perennial Herbaceous,2
Ferula communis,Perennial Herbaceous,2
Ferula lancerotensis,Perennial Herbaceous,2
Ferula latipinna,Perennial Herbaceous,2
Foeniculum vulgare,Perennial Herbaceous,
Pimpinella anagodendron,Perennial Herbaceous,2
Pimpinella cumbrae,Perennial Herbaceous,2
Pimpinella dendroselinum,Perennial Herbaceous,2
Pimpinella junionae,Perennial Herbaceous,2
Rutheopsis tortuosa,Perennial Herbaceous,
Rutheopsis herbanica,Perennial Herbaceous,
Scandix pecten-veneris,Annual Herbaceous,
Todaroa aurea,Perennial Herbaceous,
Torilis africana,Annual Herbaceous,
Torilis arvensis,Annual Herbaceous,
Torilis elongata,Annual Herbaceous,
Torilis leptophylla,Annual Herbaceous,
Torilis nodosa,Annual Herbaceous,
Torilis webbii,Annual Herbaceous,
Visnaga daucoides,Perennial Herbaceous,
Apteranthes burchardii,Perennial Herbaceous,
Ceropegia dichotoma,Ancestral Woodiness,
Ceropegia fusca,Ancestral Woodiness,
Periploca laevigata,Ancestral Woodiness,
Ilex canariensis,Ancestral Woodiness,
Ilex perado,Ancestral Woodiness,
Hedera canariensis,Ancestral Woodiness,
Aaronsohnia pubescens,Annual Herbaceous,
Achillea maritima,Perennial Herbaceous,
Allagopappus canariensis,Derived Woodiness,
Allagopappus viscosissimus,Derived Woodiness,
Anacyclus radiatus,Annual Herbaceous,
Anacyclus clavatus,Annual Herbaceous,
Andryala integrifolia,Perennial Herbaceous,
Andryala perezii,Perennial Herbaceous,
Andryala pinnatifida,Perennial Herbaceous,
Andryala webbii,Perennial Herbaceous,
Anthemis arvensis,Annual Herbaceous,
Argyranthemum adauctum,Insular Woodiness,
Argyranthemum broussonetii,Insular Woodiness,
Argyranthemum callichrysum,Insular Woodiness,
Argyranthemum coronopifolium,Insular Woodiness,
Argyranthemum escarrei,Insular Woodiness,
Argyranthemum filifolium,Insular Woodiness,
Argyranthemum foeniculaceum,Insular Woodiness,
Argyranthemum frutescens,Insular Woodiness,
Argyranthemum gracile,Insular Woodiness,
Argyranthemum haouarytheum,Insular Woodiness,
Argyranthemum hierrense,Insular Woodiness,
Argyranthemum lemsii,Insular Woodiness,
Argyranthemum lidii,Insular Woodiness,
Argyranthemum maderense,Insular Woodiness,
Argyranthemum sundingii,Insular Woodiness,
Argyranthemum sventenii,Insular Woodiness,
Argyranthemum tenerifae,Insular Woodiness,
Argyranthemum vincentii,Insular Woodiness,
Argyranthemum webbii,Insular Woodiness,
Argyranthemum winteri,Insular Woodiness,
Artemisia ramosa,Ancestral Woodiness,
Artemisia reptans,Ancestral Woodiness,
Artemisia thuscula,Ancestral Woodiness,
Asteriscus aquaticus,Annual Herbaceous,
Asteriscus graveolens,Perennial Herbaceous,2
Asteriscus intermedius,Perennial Herbaceous,2
Asteriscus schultzii,Perennial Herbaceous,2
Asteriscus sericeus,Perennial Herbaceous,2
Atractylis arbuscula,Insular Woodiness,
Atractylis preauxiana,Insular Woodiness,
Atractylis cancellata,Annual Herbaceous,
Bellis annua,Annual Herbaceous,
Bethencourtia hermosae,Insular Woodiness,
Bethencourtia palmensis,Insular Woodiness,
Bethencourtia rupicola,Insular Woodiness,
Calendula arvensis,Annual Herbaceous,
Calendula suffruticosa,Perennial Herbaceous,
Calendula tripterocarpa,Annual Herbaceous,
Carduus baeocephalus,Annual Herbaceous,2
Carduus bourgaei,Annual Herbaceous,2
Carduus clavulatus,Annual Herbaceous,2
Carduus pycnocephalus,Perennial Herbaceous,2
Carduus tenuiflorus,Perennial Herbaceous,2
Carduus volutarioides,Annual Herbaceous,2
Carlina canariensis,Insular Woodiness,
Carlina falcata,Perennial Herbaceous,2
Carlina salicifolia,Insular Woodiness,
Carlina texedae,Perennial Herbaceous,2
Carlina xeranthemoides,Insular Woodiness,
Carthamus caeruleus,Perennial Herbaceous,
Carthamus lanatus,Annual Herbaceous,
Centaurea aspera,Perennial Herbaceous,2
Centaurea calcitrapa,Perennial Herbaceous,2
Centaurea conocephala,,
Centaurea gentilii,Perennial Herbaceous,
Centaurea melitensis,Annual Herbaceous,2
Cheirolophus anagaensis,Derived Woodiness,
Cheirolophus arboreus,Derived Woodiness,
Cheirolophus arbutifolius,Derived Woodiness,
Cheirolophus burchardii,Derived Woodiness,
Cheirolophus canariensis,Derived Woodiness,
Cheirolophus dariasii,Derived Woodiness,
Cheirolophus duranii,Derived Woodiness,
Cheirolophus falcisectus,Derived Woodiness,
Cheirolophus ghomerythus,Derived Woodiness,
Cheirolophus junonianus,Derived Woodiness,
Cheirolophus metlesicsii,Derived Woodiness,
Cheirolophus puntallanensis,Derived Woodiness,
Cheirolophus santos-abreui,Derived Woodiness,
Cheirolophus satarataensis,Derived Woodiness,
Cheirolophus sventenii,Derived Woodiness,
Cheirolophus tagananensis,Derived Woodiness,
Cheirolophus teydis,Derived Woodiness,
Cheirolophus webbianus,Derived Woodiness,
Chondrilla juncea,Perennial Herbaceous,
Cichorium pumilum,Perennial Herbaceous,
Cladanthus mixtus,Annual Herbaceous,
Coleostephus myconis,Annual Herbaceous,
Crepis canariensis,Perennial Herbaceous,2
Crepis capillaris,Perennial Herbaceous,2
Crepis foetida,Annual Herbaceous,2
Crepis juvenalis,Perennial Herbaceous,2
Crepis vesicaria,Perennial Herbaceous,2
Cynara cardunculus,Perennial Herbaceous,
Cynara humilis,Perennial Herbaceous,
Dittrichia viscosa,Perennial Herbaceous,
Erigeron calderae,Perennial Herbaceous,
Filago arvensis,Annual Herbaceous,
Filago desertorum,Annual Herbaceous,
Filago germanica,Annual Herbaceous,
Filago lutescens,Annual Herbaceous,
Filago pygmaea,Annual Herbaceous,
Filago pyramidata,Annual Herbaceous,
Galactites tomentosus,Annual Herbaceous,
Geropogon hybridus,Annual Herbaceous,
Gonospermum canariense,Insular Woodiness,
Gonospermum ferulaceum,Insular Woodiness,
Gonospermum fruticosum,Insular Woodiness,
Gonospermum gomerae,Insular Woodiness,
Gonospermum oshanahanii,Insular Woodiness,
Gonospermum ptarmiciflorum,Insular Woodiness,
Gonospermum revolutum,Insular Woodiness,
Hedypnois rhagadioloides,Annual Herbaceous,
Hedypnois arenaria,Annual Herbaceous,
Helichrysum alucense,Derived Woodiness,2
Helichrysum gossypinum,Derived Woodiness,2
Helichrysum luteoalbum,Derived Woodiness,2
Helichrysum monogynum,Derived Woodiness,2
Helichrysum teydeum,Derived Woodiness,2
Helminthotheca echioides,Annual Herbaceous,
Hyoseris radiata,Perennial Herbaceous,
Hypochaeris achyrophorus,Annual Herbaceous,
Hypochaeris glabra,Annual Herbaceous,
Hypochaeris oligocephala,Herbaceous,
Hypochaeris radicata,Perennial Herbaceous,
Ifloga obovata,Annual Herbaceous,2
Ifloga spicata,Annual Herbaceous,2
Kleinia neriifolia,Derived Woodiness,
Lactuca palmensis,Perennial Herbaceous,
Lactuca serriola,Annual Herbaceous,
Lactuca viminea,Perennial Herbaceous,
Lapsana communis,Annual Herbaceous,
Launaea arborescens,Derived Woodiness,"2; F. Lens, unpublished data"
Launaea capitata,Perennial Herbaceous,2
Launaea mucronata,Perennial Herbaceous,2
Launaea nudicaulis,Perennial Herbaceous,2
Leuzea cynaroides,Perennial Herbaceous,
Logfia clementei,Annual Herbaceous,
Logfia gallica,Annual Herbaceous,
Logfia minima,Annual Herbaceous,
Matricaria chamomilla,Annual Herbaceous,
Notobasis syriaca,Annual Herbaceous,
Onopordum carduelium,Perennial Herbaceous,2
Onopordum micropterum,Perennial Herbaceous,2
Pallenis hierochuntica,Annual Herbaceous,2
Pallenis maritima,Derived Woodiness,2
Pallenis spinosa,Annual Herbaceous,
Pericallis appendiculata,Insular Woodiness,
Pericallis cruenta,Perennial Herbaceous,
Pericallis echinata,Perennial Herbaceous,
Pericallis hadrosoma,Perennial Herbaceous,
Pericallis hansenii,Perennial Herbaceous,
Pericallis lanata,Perennial Herbaceous,
Pericallis multiflora,Perennial Herbaceous,
Pericallis murrayi,Perennial Herbaceous,
Pericallis papyracea,Perennial Herbaceous,
Pericallis steetzii,Perennial Herbaceous,
Pericallis tirmensis,Perennial Herbaceous,
Pericallis tussilaginis,Perennial Herbaceous,
Pericallis webbii,Perennial Herbaceous,
Phagnalon purpurascens,Perennial Herbaceous,
Phagnalon saxatile,Perennial Herbaceous,
Phagnalon umbelliforme,Perennial Herbaceous,
Phagnalon rupestre,Perennial Herbaceous,
Picnomon acarna,Annual Herbaceous,
Picris hieracioides,Perennial Herbaceous,
Pulicaria arabica,Annual Herbaceous,
Pulicaria burchardii,Derived Woodiness,
Pulicaria canariensis,Derived Woodiness,
Pulicaria odora,Perennial Herbaceous,124
Pulicaria undulata,Perennial Herbaceous,125
Reichardia crystallina,Perennial Herbaceous,2
Reichardia famarae,Perennial Herbaceous,2
Reichardia ligulata,Perennial Herbaceous,2
Reichardia tingitana,Annual Herbaceous,2
Rhagadiolus stellatus,Annual Herbaceous,
Schizogyne glaberrima,Perennial Herbaceous,2
Schizogyne sericea,Perennial Herbaceous,2
Scolymus grandiflorus,Perennial Herbaceous,
Scolymus hispanicus,Perennial Herbaceous,
Scolymus maculatus,Annual Herbaceous,
Scorzoneroides palisiae,Annual Herbaceous,
Senecio bollei,Annual Herbaceous,
Senecio incrassatus,Annual Herbaceous,
Senecio flavus,Annual Herbaceous,
Senecio glaucus,Annual Herbaceous,
Senecio ilsae,Annual Herbaceous,
Senecio leucanthemifolius,Annual Herbaceous,
Senecio massaicus,Annual Herbaceous,
Senecio teneriffae,Annual Herbaceous,
Senecio vulgaris,Annual Herbaceous,
Silybum marianum,Perennial Herbaceous,
Sonchus acaulis,Perennial Herbaceous,
Sonchus arboreus,Insular Woodiness,
Sonchus bornmuelleri,Perennial Herbaceous,
Sonchus brachylobus,Insular Woodiness,
Sonchus bupleuroides,Perennial Herbaceous,
Sonchus canariensis,Insular Woodiness,
Sonchus capillaris,Insular Woodiness,
Sonchus congestus,Insular Woodiness,
Sonchus esperanzae,Perennial Herbaceous,
Sonchus fauces-orci,Insular Woodiness,
Sonchus gandogeri,Insular Woodiness,
Sonchus gomeraensis,Insular Woodiness,
Sonchus gummifer,Perennial Herbaceous,
Sonchus heterophyllus,Insular Woodiness,
Sonchus hierrensis,Insular Woodiness,
Sonchus leptocephalus,Insular Woodiness,
Sonchus lidii,Insular Woodiness,
Sonchus microcarpus,Insular Woodiness,
Sonchus ortunoi,Insular Woodiness,
Sonchus palmensis,Insular Woodiness,
Sonchus pendulus,Insular Woodiness,
Sonchus pinnatifidus,Insular Woodiness,
Sonchus pitardii,Insular Woodiness,
Sonchus platylepis,Perennial Herbaceous,
Sonchus radicatus,Perennial Herbaceous,
Sonchus regis-jubae,Insular Woodiness,
Sonchus sventenii,Insular Woodiness,
Sonchus tectifolius,Perennial Herbaceous,
Sonchus tuberifer,Perennial Herbaceous,
Sonchus webbii,Perennial Herbaceous,
Sonchus wildpretii,Insular Woodiness,
Sonchus asper,Annual Herbaceous,
Sonchus bourgeaui,Annual Herbaceous,
Sonchus tenerrimus,Annual Herbaceous,
Sonchus oleraceus,Annual Herbaceous,
Taraxacum canarense,Perennial Herbaceous,2
Taraxacum guanchicum,Perennial Herbaceous,2
Taraxacum lidianum,Perennial Herbaceous,2
Tolpis barbata,Annual Herbaceous,
Tolpis calderae,Perennial Herbaceous,
Tolpis coronopifolia,Annual Herbaceous,
Tolpis crassiuscula,Perennial Herbaceous,
Tolpis glabrescens,Perennial Herbaceous,
Tolpis laciniata,Perennial Herbaceous,
Tolpis lagopoda,Perennial Herbaceous,
Tolpis proustii,Perennial Herbaceous,
Tolpis santosii,Perennial Herbaceous,
Tolpis webbii,Perennial Herbaceous,
Tolpis umbellata,Annual Herbaceous,
Tripleurospermum inodorum,Annual Herbaceous,
Urospermum picroides,Annual Herbaceous,
Vieraea laevigata,Derived Woodiness,
Volutaria bollei,Perennial Herbaceous,
Volutaria canariensis,Annual Herbaceous,
Volutaria lippii,Annual Herbaceous,
Volutaria tubuliflora,Annual Herbaceous,
Anchusa azurea,Annual Herbaceous,
Arnebia decumbens,Perennial Herbaceous,
Buglossoides arvensis,Annual Herbaceous,
Cynoglossum creticum,Annual Herbaceous,
Echium acanthocarpum,Insular Woodiness,
Echium aculeatum,Insular Woodiness,
Echium auberianum,Perennial Herbaceous,
Echium bethencourtii,Insular Woodiness,
Echium bonnetii,Annual Herbaceous,
Echium brevirame,Insular Woodiness,
Echium callithyrsum,Insular Woodiness,
Echium decaisnei,Insular Woodiness,
Echium giganteum,Insular Woodiness,
Echium handiense,Insular Woodiness,
Echium hierrense,Insular Woodiness,
Echium leucophaeum,Insular Woodiness,
Echium onosmifolium,Insular Woodiness,
Echium perezii,Insular Woodiness,
Echium pininana,Insular Woodiness,
Echium pitardii,Annual Herbaceous,
Echium simplex,Insular Woodiness,
Echium strictum,Insular Woodiness,
Echium sventenii,Insular Woodiness,
Echium thyrsiflorum,Insular Woodiness,
Echium triste,Annual Herbaceous,
Echium virescens,Insular Woodiness,
Echium webbii,Insular Woodiness,
Echium wildpretii,Insular Woodiness,
Echium horridum,Annual Herbaceous,
Echium plantagineum,Annual Herbaceous,
Heliotropium crispum,Annual Herbaceous,88
Heliotropium europaeum,Annual Herbaceous,2
Heliotropium messerschmidioides,Perennial Herbaceous,2
Heliotropium ramosissimum,Perennial Herbaceous,2
Heliotropium supinum,Annual Herbaceous,2
Mairetis microsperma,Annual Herbaceous,2
Myosotis discolor,Annual Herbaceous,2
Myosotis latifolia,Perennial Herbaceous,2
Myosotis ramosissima,Annual Herbaceous,
Neatostema apulum,Annual Herbaceous,
Ogastemma pusillum,Annual Herbaceous,
Alyssum granatense,Annual Herbaceous,
Alyssum simplex,Annual Herbaceous,
Arabidopsis thaliana,Annual Herbaceous,
Arabis caucasica,Perennial Herbaceous,2
Arabis nova,Perennial Herbaceous,10
Arabis recta,Perennial Herbaceous,2
Biscutella auriculata,Annual Herbaceous,
Brassica bourgeaui,Insular Woodiness,
Cakile maritima,Annual Herbaceous,
Capsella bursa-pastoris,Annual Herbaceous,
Capsella rubella,Annual Herbaceous,
Cardamine flexuosa,Annual Herbaceous,
Cardamine hirsuta,Annual Herbaceous,
Carrichtera annua,Annual Herbaceous,
Crambe arborea,Insular Woodiness,
Crambe feuilleei,Insular Woodiness,
Crambe gomeraea,Insular Woodiness,
Crambe laevigata,Insular Woodiness,
Crambe microcarpa,Insular Woodiness,
Crambe pritzelii,Insular Woodiness,
Crambe santosii,Insular Woodiness,
Crambe scaberrima,Insular Woodiness,
Crambe scoparia,Insular Woodiness,
Crambe strigosa,Insular Woodiness,
Crambe sventenii,Insular Woodiness,
Crambe tamadabensis,Insular Woodiness,
Crambe wildpretii,Insular Woodiness,
Descurainia artemisioides,Insular Woodiness,
Descurainia bourgaeana,Insular Woodiness,
Descurainia gilva,Insular Woodiness,
Descurainia gonzalezii,Insular Woodiness,
Descurainia lemsii,Insular Woodiness,
Descurainia millefolia,Insular Woodiness,
Descurainia preauxiana,Insular Woodiness,
Diplotaxis catholica,Annual Herbaceous,
Diplotaxis muralis,Annual Herbaceous,
Eruca vesicaria,Annual Herbaceous,
Erucastrum canariense,Perennial Herbaceous,2
Erucastrum cardaminoides,Perennial Herbaceous,2
Erysimum albescens,Insular Woodiness,
Erysimum bicolor,Insular Woodiness,
Erysimum scoparium,Insular Woodiness,
Erysimum virescens,Insular Woodiness,
Hirschfeldia incana,Annual Herbaceous,
Lobularia canariensis,Insular Woodiness,
Lobularia libyca,Annual Herbaceous,
Lobularia maritima,Perennial Herbaceous,
Marcus-kochia littorea,Annual Herbaceous,
Matthiola bolleana,Annual Herbaceous,
Matthiola longipetala,Annual Herbaceous,
Matthiola parviflora,Annual Herbaceous,
Notoceras bicorne,Annual Herbaceous,
Parolinia aridanae,Derived Woodiness,2
Parolinia filifolia,Derived Woodiness,2
Parolinia glabriuscula,Derived Woodiness,2
Parolinia intermedia,Derived Woodiness,2
Parolinia ornata,Derived Woodiness,2
Parolinia platypetala,Derived Woodiness,2
Parolinia schizogynoides,Derived Woodiness,2
Raphanus raphanistrum,Annual Herbaceous,
Sinapis alba,Annual Herbaceous,
Sinapis arvensis,Annual Herbaceous,
Sinapis pubescens,Annual Herbaceous,
Sisymbrium erysimoides,Annual Herbaceous,
Sisymbrium irio,Annual Herbaceous,
Succowia balearica,Annual Herbaceous,
Thlaspi arvense,Annual Herbaceous,
Campanula dichotoma,Annual Herbaceous,
Campanula erinus,Annual Herbaceous,
Canarina canariensis,Perennial Herbaceous,
Legousia falcata,Annual Herbaceous,
Legousia hybrida,Annual Herbaceous,
Wahlenbergia lobelioides,Annual Herbaceous,
Pterocephalus dumetorum,Derived Woodiness,
Pterocephalus lasiospermus,Derived Woodiness,
Pterocephalus porphyranthus,Derived Woodiness,
Pterocephalus virens,Derived Woodiness,
Valeriana calcitrapae,Annual Herbaceous,
Arenaria serpyllifolia,Annual Herbaceous,
Beta macrocarpa,Annual Herbaceous,2
Beta vulgaris,Perennial Herbaceous,2
Bufonia paniculata,Perennial Herbaceous,
Cerastium arvense,Perennial Herbaceous,
Cerastium fontanum,Perennial Herbaceous,
Cerastium glomeratum,Perennial Herbaceous,
Cerastium holosteoides,Perennial Herbaceous,
Cerastium sventenii,Perennial Herbaceous,
Dicheranthus plocamoides,Derived Woodiness,
Illecebrum verticillatum,Annual Herbaceous,
Eudianthe coeli-rosa,Annual Herbaceous,
Gymnocarpos decander,Derived Woodiness,
Gymnocarpos sclerocephalus,Derived Woodiness,
Gypsophila vaccaria,Annual Herbaceous,
Herniaria canariensis,Perennial Herbaceous,2
Herniaria cinerea,Annual Herbaceous,
Herniaria fontanesii,Perennial Herbaceous,
Loeflingia hispanica,Annual Herbaceous,
Moehringia pentandra,Annual Herbaceous,
Paronychia argentea,Perennial Herbaceous,2
Paronychia canariensis,Perennial Herbaceous,2
Paronychia capitata,Perennial Herbaceous,2
Paronychia echinulata,Annual Herbaceous,
Petrorhagia dubia,Annual Herbaceous,
Petrorhagia nanteuilii,Annual Herbaceous,
Polycarpaea aristata,Perennial Herbaceous,2
Polycarpaea carnosa,Perennial Herbaceous,2
Polycarpaea corymbosa,Annual Herbaceous,
Polycarpaea divaricata,Perennial Herbaceous,2
Polycarpaea filifolia,Perennial Herbaceous,2
Polycarpaea latifolia,Perennial Herbaceous,2
Polycarpaea nivea,Perennial Herbaceous,2
Polycarpaea robusta,Perennial Herbaceous,2
Polycarpaea smithii,Perennial Herbaceous,2
Polycarpaea tenuis,Perennial Herbaceous,2
Polycarpon alsinifolium,Annual Herbaceous,
Polycarpon tetraphyllum,Annual Herbaceous,
Pteranthus dichotomus,Annual Herbaceous,
Rhodalsine geniculata,Perennial Herbaceous,
Sagina apetala,Annual Herbaceous,
Sagina maritima,Annual Herbaceous,
Sagina procumbens,Perennial Herbaceous,
Scleranthus annuus,Annual Herbaceous,
Silene apetala,Annual Herbaceous,
Silene behen,Annual Herbaceous,
Silene bellidifolia,Annual Herbaceous,
Silene berthelotiana,Insular Woodiness,
Silene bourgauei,Perennial Herbaceous,2
Silene canariensis,Perennial Herbaceous,
Silene lagunensis,Perennial Herbaceous,2
Silene nocteolens,Perennial Herbaceous,2
Silene nutans,Perennial Herbaceous,2
Silene pogonocalyx,Perennial Herbaceous,2
Silene sabinosae,Perennial Herbaceous,2
Silene tamaranae,Perennial Herbaceous,2
Silene colorata,Annual Herbaceous,
Silene conica,Annual Herbaceous,
Silene conoidea,Annual Herbaceous,
Silene diversifolia,Annual Herbaceous,
Silene gallica,Annual Herbaceous,
Silene gracilis,Annual Herbaceous,
Silene inaperta,Annual Herbaceous,
Silene muscipula,Annual Herbaceous,
Silene nocturna,Annual Herbaceous,
Silene obtusifolia,Annual Herbaceous,
Silene rubella,Annual Herbaceous,
Silene tridentata,Perennial Herbaceous,
Silene vulgaris,Perennial Herbaceous,
Spergula arvensis,Annual Herbaceous,
Spergula pentandra,Annual Herbaceous,
Spergularia bocconei,Perennial Herbaceous,
Spergularia bourgaei,,
Spergularia diandra,Perennial Herbaceous,
Spergularia fimbriata,Perennial Herbaceous,
Spergularia flaccida,Annual Herbaceous,
Spergularia marina,Perennial Herbaceous,
Spergularia media,Perennial Herbaceous,
Gymnosporia cassinoides,Ancestral Woodiness,2
Gymnosporia cryptopetala,Ancestral Woodiness,2
Cistus asper,Ancestral Woodiness,
Cistus chinamadensis,Ancestral Woodiness,
Cistus horrens,Ancestral Woodiness,
Cistus ochreatus,Ancestral Woodiness,
Cistus osbeckiifolius,Ancestral Woodiness,
Cistus palmensis,Ancestral Woodiness,
Cistus symphytifolius,Ancestral Woodiness,
Cistus grancanariae,Ancestral Woodiness,
Cistus monspeliensis,Ancestral Woodiness,
Helianthemum aganae,Ancestral Woodiness,
Helianthemum aguloi,Ancestral Woodiness,
Helianthemum bramwelliorum,Ancestral Woodiness,
Helianthemum broussonetii,Ancestral Woodiness,
Helianthemum bystropogophyllum,Ancestral Woodiness,
Helianthemum cirae,Ancestral Woodiness,
Helianthemum gonzalezferreri,Ancestral Woodiness,
Helianthemum henriquezii,Ancestral Woodiness,
Helianthemum inaguae,Ancestral Woodiness,
Helianthemum juliae,Ancestral Woodiness,
Helianthemum linii,Ancestral Woodiness,
Helianthemum teneriffae,Ancestral Woodiness,
Helianthemum tholiforme,Ancestral Woodiness,
Helianthemum tibiabinae,Ancestral Woodiness,
Helianthemum sp. nov. 1,Ancestral Woodiness,
Helianthemum canariense,Ancestral Woodiness,
Helianthemum thymiphyllum,Ancestral Woodiness,
Helianthemum ledifolium,Annual Herbaceous,
Tuberaria guttata,Annual Herbaceous,
Tuberaria lignosa,Perennial Herbaceous,
Calystegia soldanella,Perennial Herbaceous,
Convolvulus althaeoides,Derived Woodiness,
Convolvulus arvensis,Perennial Herbaceous,
Convolvulus canariensis,Insular Woodiness,
Convolvulus fruticulosus,Insular Woodiness,
Convolvulus lopezsocasii,Insular Woodiness,
Convolvulus perraudieri,Insular Woodiness,
Convolvulus subauriculatus,Insular Woodiness,
Convolvulus volubilis,Derived Woodiness,
Convolvulus caput-medusae,Insular Woodiness,
Convolvulus floridus,Insular Woodiness,
Convolvulus scoparius,Insular Woodiness,
Convolvulus siculus,Annual Herbaceous,
Ipomoea imperati,Perennial Herbaceous,
Aeonium aizoon,Perennial Herbaceous,
Aeonium appendiculatum,Insular Woodiness,
Aeonium arboreum,Insular Woodiness,
Aeonium aureum,Perennial Herbaceous,
Aeonium balsamiferum,Insular Woodiness,
Aeonium canariense,Perennial Herbaceous,
Aeonium castello-paivae,Insular Woodiness,
Aeonium ciliatum,Insular Woodiness,
Aeonium cuneatum,Perennial Herbaceous,
Aeonium davidbramwellii,Insular Woodiness,
Aeonium decorum,Insular Woodiness,
Aeonium diplocyclum,Perennial Herbaceous,
Aeonium dodrantale,Perennial Herbaceous,
Aeonium escobarii,Insular Woodiness,
Aeonium gomerense,Insular Woodiness,
Aeonium goochiae,Insular Woodiness,
Aeonium haworthii,Insular Woodiness,
Aeonium hierrense,Insular Woodiness,
Aeonium lancerottense,Insular Woodiness,
Aeonium lindleyi,Insular Woodiness,
Aeonium liui,Insular Woodiness,
Aeonium mascaense,Insular Woodiness,
Aeonium nobile,Insular Woodiness,
Aeonium percarneum,Insular Woodiness,
Aeonium pseudourbicum,Perennial Herbaceous,
Aeonium rubrolineatum,Insular Woodiness,
Aeonium saundersii,Insular Woodiness,
Aeonium sedifolium,Insular Woodiness,
Aeonium simsii,Perennial Herbaceous,
Aeonium smithii,Insular Woodiness,
Aeonium spathulatum,Insular Woodiness,
Aeonium tabuliforme,Perennial Herbaceous,
Aeonium undulatum,Insular Woodiness,
Aeonium urbicum,Insular Woodiness,
Aeonium valverdense,Insular Woodiness,
Aeonium volkeri,Insular Woodiness,
Aichryson bituminosum,Annual Herbaceous,
Aichryson bollei,Annual Herbaceous,
Aichryson brevipetalum,Annual Herbaceous,
Aichryson laxum,Annual Herbaceous,
Aichryson pachycaulon,Annual Herbaceous,
Aichryson palmense,Annual Herbaceous,
Aichryson parlatorei,Annual Herbaceous,
Aichryson porphyrogennetos,Annual Herbaceous,
Aichryson punctatum,Annual Herbaceous,
Aichryson roseum,Perennial Herbaceous,
Aichryson tortuosum,Perennial Herbaceous,
Crassula tillaea,Annual Herbaceous,
Monanthes anagensis,Perennial Herbaceous,
Monanthes brachycaulos,Perennial Herbaceous,
Monanthes dasyphylla,Perennial Herbaceous,not in ref 2
Monanthes icterica,Annual Herbaceous,
Monanthes laxiflora,Perennial Herbaceous,
Monanthes minima,Perennial Herbaceous,
Monanthes muralis,Perennial Herbaceous,
Monanthes niphophila,Perennial Herbaceous,
Monanthes pallens,Perennial Herbaceous,
Monanthes polyphylla,Perennial Herbaceous,
Monanthes praegeri,Perennial Herbaceous,
Monanthes purpurascens,Perennial Herbaceous,
Monanthes silensis,Perennial Herbaceous,
Monanthes subcrassicaulis,Perennial Herbaceous,
Monanthes subrosulata,Perennial Herbaceous,
Monanthes wildpretii,Perennial Herbaceous,
Sedum lancerottense,Perennial Herbaceous,
Sedum rubens,Annual Herbaceous,
Umbilicus heylandianus,Perennial Herbaceous,
Umbilicus horizontalis,Perennial Herbaceous,
Bryonia verrucosa,Perennial Herbaceous,
Citrullus colocynthis,Perennial Herbaceous,
Cuscuta approximata,Annual Herbaceous,
Cuscuta planiflora,Annual Herbaceous,
Cynomorium coccineum,Perennial Herbaceous,
Arbutus canariensis,Ancestral Woodiness,
Erica arborea,Ancestral Woodiness,39
Erica canariensis,Ancestral Woodiness,2
Erica platycodon,Ancestral Woodiness,2
Euphorbia aphylla,Derived Woodiness,
Euphorbia atropurpurea,Derived Woodiness,
Euphorbia berthelotii,Derived Woodiness,
Euphorbia bourgeana,Derived Woodiness,
Euphorbia bravoana,Derived Woodiness,
Euphorbia lamarckii,Derived Woodiness,
Euphorbia regis-jubae,Derived Woodiness,
Euphorbia balsamifera,Derived Woodiness,
Euphorbia canariensis,Insular Woodiness,
Euphorbia chamaesyce,Annual Herbaceous,
Euphorbia granulata,Perennial Herbaceous,
Euphorbia handiensis,Insular Woodiness,
Euphorbia helioscopia,Annual Herbaceous,
Euphorbia mellifera,Insular Woodiness,
Euphorbia paralias,Derived Woodiness,
Euphorbia segetalis,Perennial Herbaceous,
Euphorbia peplis,Perennial Herbaceous,
Euphorbia platyphyllos,Annual Herbaceous,
Euphorbia serrata,Derived Woodiness,
Euphorbia sulcata,Derived Woodiness,
Euphorbia terracina,Perennial Herbaceous,
Mercurialis canariensis,Annual Herbaceous,
Adenocarpus foliolosus,Ancestral Woodiness,
Adenocarpus ombriosus,Ancestral Woodiness,
Adenocarpus viscosus,Ancestral Woodiness,
Anagyris latifolia,Ancestral Woodiness,
Argyrolobium armindae,Insular Woodiness,
Astragalus boeticus,Annual Herbaceous,2
Astragalus edulis,Annual Herbaceous,2
Astragalus hamosus,Annual Herbaceous,2
Astragalus mareoticus,Annual Herbaceous,2
Astragalus pelecinus,Annual Herbaceous,2
Astragalus solandri,Annual Herbaceous,2
Astragalus stella,Annual Herbaceous,2
Biserrula pelecinus,Annual Herbaceous,
Bituminaria bituminosa,Perennial Herbaceous,
Chamaecytisus mollis,Ancestral Woodiness,
Chamaecytisus prolifer,Ancestral Woodiness,
Cicer canariense,Perennial Herbaceous,
Coronilla viminalis,Perennial Herbaceous,
Cytisus filipes,Ancestral Woodiness,
Cytisus supranubius,Ancestral Woodiness,
Genista benehoavensis,Ancestral Woodiness,
Hippocrepis constricta,Annual Herbaceous,
Hippocrepis multisiliquosa,Annual Herbaceous,
Hippocrepis salzmannii,Annual Herbaceous,
Lathyrus angulatus,Annual Herbaceous,
Lathyrus sphaericus,Annual Herbaceous,
Lotus arinagensis,Perennial Herbaceous,
Lotus berthelotii,Perennial Herbaceous,
Lotus callis-viridis,Perennial Herbaceous,
Lotus campylocladus,Insular Woodiness,
Lotus creticus,Perennial Herbaceous,
Lotus dumetorum,Insular Woodiness,
Lotus emeroides,Perennial Herbaceous,
Lotus eremiticus,Perennial Herbaceous,
Lotus glaucus,Perennial Herbaceous,
Lotus gomerythus,Perennial Herbaceous,
Lotus holosericeus,Insular Woodiness,
Lotus kunkelii,Perennial Herbaceous,
Lotus lancerottensis,Perennial Herbaceous,
Lotus maculatus,Perennial Herbaceous,
Lotus mascaensis,Insular Woodiness,
Lotus pyranthus,Perennial Herbaceous,
Lotus sessilifolius,Perennial Herbaceous,
Lotus spartioides,Insular Woodiness,
Lotus tenellus,Perennial Herbaceous,
Lotus broussonetii,Insular Woodiness,
Lotus eriophthalmus,Insular Woodiness,
Lotus spectabilis,Insular Woodiness,
Lotus corniculatus,Perennial Herbaceous,
Lotus parviflorus,Annual Herbaceous,
Medicago laciniata,Annual Herbaceous,2
Medicago littoralis,Annual Herbaceous,2
Medicago minima,Annual Herbaceous,2
Medicago monspeliaca,Annual Herbaceous,2
Medicago polymorpha,Annual Herbaceous,2
Medicago soleirolii,Annual Herbaceous,13
Medicago tornata,Annual Herbaceous,2
Medicago truncatula,Annual Herbaceous,2
Melilotus segetalis,Annual Herbaceous,2
Ononis angustissima,Derived Woodiness,
Ononis catalinae,Annual Herbaceous,
Ononis hebecarpa,Annual Herbaceous,
Ononis sicula,Annual Herbaceous,
Ononis christii,Insular Woodiness,
Ononis laxiflora,Annual Herbaceous,
Ononis dentata,Annual Herbaceous,
Ononis diffusa,Annual Herbaceous,
Ononis hesperia,Derived Woodiness,
Ononis mitissima,Annual Herbaceous,
Ononis natrix,Annual Herbaceous,
Ononis pendula,Annual Herbaceous,
Ononis reclinata,Annual Herbaceous,
Ononis serrata,Annual Herbaceous,
Ononis tournefortii,Annual Herbaceous,
Ononis variegata,Annual Herbaceous,
Ononis viscosa,Annual Herbaceous,
Ornithopus compressus,Annual Herbaceous,
Retama monosperma,Ancestral Woodiness,
Retama rhodorhizoides,Ancestral Woodiness,
Teline canariensis,Ancestral Woodiness,
Teline microphylla,Ancestral Woodiness,
Teline osyrioides,Ancestral Woodiness,
Teline salsoloides,Ancestral Woodiness,
Teline stenopetala,Ancestral Woodiness,
Teline nervosa,Ancestral Woodiness,
Teline pallida,Ancestral Woodiness,
Teline rosmarinifolia,Ancestral Woodiness,
Teline splendens,Ancestral Woodiness,
Trifolium angustifolium,Annual Herbaceous,
Trifolium arvense,Annual Herbaceous,
Trifolium bocconei,Annual Herbaceous,
Trifolium campestre,Annual Herbaceous,
Trifolium cherleri,Annual Herbaceous,
Trifolium dubium,Annual Herbaceous,
Trifolium fragiferum,Perennial Herbaceous,
Trifolium glomeratum,Annual Herbaceous,
Trifolium lappaceum,Annual Herbaceous,
Trifolium ligusticum,Annual Herbaceous,
Trifolium micranthum,Annual Herbaceous,
Trifolium resupinatum,Annual Herbaceous,
Trifolium scabrum,Annual Herbaceous,
Trifolium spumosum,Annual Herbaceous,
Trifolium squamosum,Annual Herbaceous,
Trifolium squarrosum,Annual Herbaceous,
Trifolium stellatum,Annual Herbaceous,
Trifolium striatum,Annual Herbaceous,
Trifolium subterraneum,Annual Herbaceous,
Trifolium suffocatum,Annual Herbaceous,
Trifolium tomentosum,Annual Herbaceous,
Trigonella anguina,Annual Herbaceous,
Trigonella stellata,Annual Herbaceous,
Vicia aphylla,Annual Herbaceous,2
Vicia chaetocalyx,Annual Herbaceous,2
Vicia disperma,Annual Herbaceous,2
Vicia filicaulis,Annual Herbaceous,2
Vicia hirsuta,Annual Herbaceous,2
Vicia lutea,Perennial Herbaceous,2
Vicia monantha,Annual Herbaceous,2
Vicia nataliae,Annual Herbaceous,2
Vicia parviflora,Annual Herbaceous,2
Vicia pubescens,Annual Herbaceous,2
Vicia sativa,Annual Herbaceous,2
Vicia scandens,Perennial Herbaceous,2
Vicia tenoi,Annual Herbaceous,2
Vicia tetrasperma,Annual Herbaceous,2
Vicia voggenreiteriana,Annual Herbaceous,2
Vicia vulcanorum,Annual Herbaceous,2
Frankenia boissieri,Perennial Herbaceous,2
Frankenia capitata,Perennial Herbaceous,2
Frankenia ericifolia,Perennial Herbaceous,2
Frankenia hirsuta,Perennial Herbaceous,13
Frankenia pulverulenta,Annual Herbaceous,2
Ixanthus viscosus,Insular Woodiness,2
Erodium botrys,Annual Herbaceous,
Erodium brachycarpum,Annual Herbaceous,
Erodium chium,Perennial Herbaceous,
Erodium ciconium,Perennial Herbaceous,
Erodium cicutarium,Annual Herbaceous,
Erodium laciniatum,Perennial Herbaceous,
Erodium malacoides,Perennial Herbaceous,
Erodium maritimum,Perennial Herbaceous,
Erodium moschatum,Perennial Herbaceous,
Erodium neuradifolium,Perennial Herbaceous,
Erodium pulverulentum,Perennial Herbaceous,
Erodium salzmannii,Perennial Herbaceous,
Erodium touchyanum,Annual Herbaceous,
Geranium dissectum,Annual Herbaceous,
Geranium molle,Annual Herbaceous,
Geranium purpureum,Perennial Herbaceous,
Geranium pyrenaicum,Perennial Herbaceous,
Geranium reuteri,Perennial Herbaceous,2
Geranium robertianum,Perennial Herbaceous,
Geranium rotundifolium,Annual Herbaceous,
Hypericum canariense,Ancestral Woodiness,
Hypericum coadunatum,Ancestral Woodiness,
Hypericum glandulosum,Ancestral Woodiness,
Hypericum reflexum,Ancestral Woodiness,
Hypericum grandifolium,Ancestral Woodiness,
Hypericum perfoliatum,Ancestral Woodiness,
Hypericum perforatum,Ancestral Woodiness,
Ajuga iva,Perennial Herbaceous,
Bystropogon canariensis,Derived Woodiness,
Bystropogon odoratissimus,Derived Woodiness,
Bystropogon origanifolius,Derived Woodiness,
Bystropogon plumosus,Derived Woodiness,
Bystropogon wildpretii,Derived Woodiness,
Cedronella canariensis,Perennial Herbaceous,
Clinopodium menthifolium,Perennial Herbaceous,
Clinopodium nepeta,Perennial Herbaceous,
Lavandula bramwellii,Insular Woodiness,
Lavandula canariensis,Insular Woodiness,
Lavandula pinnata,Insular Woodiness,
Lavandula buchii,Insular Woodiness,
Lavandula minutolii,Insular Woodiness,
Marrubium vulgare,Perennial Herbaceous,
Micromeria benthamii,Insular Woodiness,
Micromeria canariensis,Insular Woodiness,
Micromeria densiflora,Insular Woodiness,
Micromeria ericifolia,Insular Woodiness,
Micromeria glomerata,Insular Woodiness,
Micromeria gomerensis,Insular Woodiness,
Micromeria helianthemifolia,Insular Woodiness,
Micromeria herpyllomorpha,Insular Woodiness,
Micromeria hierrensis,Insular Woodiness,
Micromeria lachnophylla,Insular Woodiness,
Micromeria lanata,Insular Woodiness,
Micromeria lasiophylla,Insular Woodiness,
Micromeria lepida,Insular Woodiness,
Micromeria leucantha,Insular Woodiness,
Micromeria mahanensis,Insular Woodiness,
Micromeria pedro-luisii,Insular Woodiness,
Micromeria pineolens,Insular Woodiness,
Micromeria rivas-martinezii,Insular Woodiness,
Micromeria teneriffae,Insular Woodiness,
Micromeria tenuis,Insular Woodiness,
Micromeria tragothymus,Insular Woodiness,
Nepeta teydea,Perennial Herbaceous,
Origanum vulgare,Perennial Herbaceous,
Salvia aegyptiaca,Derived Woodiness,
Salvia herbanica,Derived Woodiness,
Salvia broussonetii,Insular Woodiness,
Salvia canariensis,Insular Woodiness,
Sideritis amagroi,Insular Woodiness,
Sideritis barbellata,Insular Woodiness,
Sideritis bolleana,Insular Woodiness,
Sideritis brevicaulis,Insular Woodiness,
Sideritis canariensis,Insular Woodiness,
Sideritis cretica,Insular Woodiness,
Sideritis cystosiphon,Insular Woodiness,
Sideritis dasygnaphala,Insular Woodiness,
Sideritis dendrochahorra,Insular Woodiness,
Sideritis discolor,Insular Woodiness,
Sideritis eriocephala,Insular Woodiness,
Sideritis ferrensis,Insular Woodiness,
Sideritis gomeraea,Insular Woodiness,
Sideritis guayedrae,Insular Woodiness,
Sideritis infernalis,Insular Woodiness,
Sideritis kuegleriana,Insular Woodiness,
Sideritis lotsyi,Insular Woodiness,
Sideritis macrostachyos,Insular Woodiness,
Sideritis marmorea,Insular Woodiness,
Sideritis mascaensis,Insular Woodiness,
Sideritis nervosa,Insular Woodiness,
Sideritis nutans,Insular Woodiness,
Sideritis oroteneriffae,Insular Woodiness,
Sideritis pumila,Insular Woodiness,
Sideritis santosii,Insular Woodiness,
Sideritis soluta,Insular Woodiness,
Sideritis sventenii,Insular Woodiness,
Stachys arvensis,Annual Herbaceous,
Stachys germanica,Perennial Herbaceous,
Stachys ocymastrum,Annual Herbaceous,
Teucrium heterophyllum,Ancestral Woodiness,
Thymus origanoides,Derived Woodiness,
Laurus novocanariensis,Ancestral Woodiness,
Ocotea foetens,Ancestral Woodiness,
Persea barbujana,Ancestral Woodiness,
Persea indica,Ancestral Woodiness,
Linum strictum,Annual Herbaceous,
Linum trigynum,Annual Herbaceous,
Solenopsis laurentia,Annual Herbaceous,
Malva acerifolia,Perennial Herbaceous,2
Malva multiflora,Perennial Herbaceous,
Malva neglecta,Perennial Herbaceous,
Malva nicaeensis,Perennial Herbaceous,
Malva parviflora,Annual Herbaceous,
Malva phoenicea,Insular Woodiness,
Malva pusilla,Annual Herbaceous,
Glinus lotoides,Annual Herbaceous,
Morella rivas-martinezii,Ancestral Woodiness,
Myrica faya,Ancestral Woodiness,
Chrysojasminum odoratissimum,Ancestral Woodiness,
Olea europaea,Ancestral Woodiness,
Phillyrea angustifolia,Ancestral Woodiness,
Picconia excelsa,Ancestral Woodiness,
Epilobium ciliatum,Perennial Herbaceous,
Epilobium hirsutum,Perennial Herbaceous,
Epilobium obscurum,Perennial Herbaceous,
Epilobium palustre,Perennial Herbaceous,
Epilobium parviflorum,Perennial Herbaceous,
Epilobium tetragonum,Perennial Herbaceous,
Cistanche phelypaea,Perennial Herbaceous,
Odontites hollianus,Annual Herbaceous,
Orobanche amethystea,Perennial Herbaceous,
Orobanche calendulae,,
Orobanche cernua,Perennial Herbaceous,
Orobanche crenata,Perennial Herbaceous,
Orobanche gratiosa,Annual Herbaceous,2
Orobanche hederae,Annual Herbaceous,
Orobanche lavandulacea,Perennial Herbaceous,
Orobanche minor,Annual Herbaceous,
Orobanche mutelii,Annual Herbaceous,
Orobanche nana,Annual Herbaceous,
Orobanche purpurea,Perennial Herbaceous,
Orobanche ramosa,Annual Herbaceous,
Orobanche schultzii,Perennial Herbaceous,
Orobanche trichocalyx,,
Orobanche variegata,,
Parentucellia viscosa,Annual Herbaceous,
Ceratocapnos heterocarpa,Annual Herbaceous,
Chelidonium majus,Perennial Herbaceous,
Fumaria bastardii,Annual Herbaceous,
Fumaria coccinea,Annual Herbaceous,2
Fumaria montana,Annual Herbaceous,2
Fumaria muralis,Annual Herbaceous,
Fumaria officinalis,Annual Herbaceous,
Fumaria vaillantii,Annual Herbaceous,
Papaver argemone,Annual Herbaceous,
Papaver dodecandrum,Annual Herbaceous,
Papaver dubium,Annual Herbaceous,
Papaver pinnatifidum,Annual Herbaceous,
Papaver rhoeas,Annual Herbaceous,
Papaver somniferum,Annual Herbaceous,
Platycapnos spicatus,Annual Herbaceous,2
Visnea mocanera,Ancestral Woodiness,
Pittosporum coriaceum,Ancestral Woodiness,
Callitriche stagnalis,Perennial Herbaceous,
Campylanthus salsoloides,Derived Woodiness,
Digitalis canariensis,Insular Woodiness,
Digitalis chalcantha,Insular Woodiness,
Digitalis isabelliana,Insular Woodiness,
Globularia ascanii,Derived Woodiness,
Globularia salicina,Derived Woodiness,
Globularia sarcophylla,Derived Woodiness,
Kickxia commutata,Perennial Herbaceous,
Kickxia elatine,Annual Herbaceous,
Kickxia pendula,Perennial Herbaceous,
Linaria arvensis,Annual Herbaceous,
Linaria micrantha,Annual Herbaceous,
Linaria simplex,Annual Herbaceous,
Linaria spartea,Annual Herbaceous,
Misopates calycinum,Annual Herbaceous,
Misopates orontium,Annual Herbaceous,
Misopates salvagense,Annual Herbaceous,
Nanorrhinum heterophyllum,Perennial Herbaceous,
Nanorrhinum sagittatum,Perennial Herbaceous,
Nanorrhinum scoparium,Perennial Herbaceous,
Nanorrhinum urbanii,Perennial Herbaceous,
Plantago afra,Annual Herbaceous,
Plantago arborescens,Insular Woodiness,
Plantago famarae,Insular Woodiness,
Plantago webbii,Insular Woodiness,
Plantago albicans,Perennial Herbaceous,
Plantago amplexicaulis,Annual Herbaceous,
Plantago asphodeloides,Annual Herbaceous,
Plantago ciliata,Annual Herbaceous,
Plantago coronopus,Perennial Herbaceous,
Plantago lagopus,Annual Herbaceous,
Plantago lanceolata,Perennial Herbaceous,
Plantago loeflingii,Annual Herbaceous,
Plantago ovata,Annual Herbaceous,
Plantago phaeostoma,Annual Herbaceous,
Veronica anagallis-aquatica,Perennial Herbaceous,
Veronica arvensis,Annual Herbaceous,
Veronica beccabunga,Perennial Herbaceous,
Veronica hederifolia,Annual Herbaceous,
Veronica serpyllifolia,Perennial Herbaceous,
Limonium arboreum,Insular Woodiness,
Limonium benmageci,Insular Woodiness,
Limonium bourgeaui,Insular Woodiness,
Limonium brassicifolium,Insular Woodiness,
Limonium dendroides,Insular Woodiness,
Limonium frutescens,Insular Woodiness,
Limonium imbricatum,Insular Woodiness,
Limonium macrophyllum,Insular Woodiness,
Limonium perezii,Insular Woodiness,
Limonium preauxii,Insular Woodiness,
Limonium puberulum,Insular Woodiness,
Limonium redivivum,Insular Woodiness,
Limonium relicticum,Insular Woodiness,
Limonium rumicifolium,Insular Woodiness,
Limonium spectabile,Insular Woodiness,
Limonium sventenii,Insular Woodiness,
Limonium vigaroense,Insular Woodiness,
Limonium bollei,Insular Woodiness,
Limonium ovalifolium,Annual Herbaceous,
Limonium lobatum,Annual Herbaceous,
Limonium papillatum,Perennial Herbaceous,
Limonium pectinatum,Perennial Herbaceous,
Limonium sinuatum,Perennial Herbaceous,
Limonium tuberculatum,Annual Herbaceous,
Persicaria decipiens,Perennial Herbaceous,
Persicaria maculosa,Annual Herbaceous,
Polygonum aviculare,Annual Herbaceous,
Polygonum balansae,Perennial Herbaceous,
Polygonum equisetiforme,Perennial Herbaceous,
Polygonum maritimum,Perennial Herbaceous,
Rumex bipinnatus,Annual Herbaceous,
Rumex bucephalophorus,Annual Herbaceous,
Rumex lunaria,Insular Woodiness,
Rumex maderensis,Perennial Herbaceous,
Rumex spinosus,Annual Herbaceous,
Rumex vesicarius,Annual Herbaceous,
Portulaca canariensis,Annual Herbaceous,
Heberdenia excelsa,Ancestral Woodiness,
Lysimachia arvensis,Annual Herbaceous,
Lysimachia foemina,Annual Herbaceous,
Lysimachia linum-stellatum,Annual Herbaceous,
Lysimachia wildpretii,Annual Herbaceous,
Pleiomeris canariensis,Ancestral Woodiness,
Cytinus hypocistis,Perennial Herbaceous,
Cytinus ruber,Perennial Herbaceous,
Ranunculus arvensis,Annual Herbaceous,
Ranunculus baudotii,Perennial Herbaceous,
Ranunculus cortusifolius,Perennial Herbaceous,2
Ranunculus muricatus,Annual Herbaceous,
Ranunculus ophioglossifolius,Annual Herbaceous,
Ranunculus parviflorus,Annual Herbaceous,
Ranunculus peltatus,Perennial Herbaceous,
Ranunculus repens,Perennial Herbaceous,
Ranunculus sardous,Annual Herbaceous,
Ranunculus trilobus,Annual Herbaceous,
Oligomeris linifolia,Derived Woodiness,
Reseda lancerotae,Perennial Herbaceous,
Reseda lutea,Perennial Herbaceous,
Reseda luteola,Perennial Herbaceous,
Reseda scoparia,Perennial Herbaceous,2
Rhamnus crenulata,Ancestral Woodiness,2
Rhamnus glandulosa,Ancestral Woodiness,2
Rhamnus integrifolia,Ancestral Woodiness,2
Agrimonia eupatoria,Perennial Herbaceous,
Alchemilla microcarpa,Annual Herbaceous,
Aria edulis,Ancestral Woodiness,
Bencomia brachystachya,Derived Woodiness,
Bencomia caudata,Derived Woodiness,
Bencomia exstipulata,Derived Woodiness,
Bencomia sphaerocarpa,Derived Woodiness,
Dendriopoterium pulidoi,Derived Woodiness,
Marcetella moquiniana,Derived Woodiness,
Prunus lusitanica,Ancestral Woodiness,
Rosa micrantha,Ancestral Woodiness,
Rosa nitidula,Ancestral Woodiness,
Rosa rubiginosa,Ancestral Woodiness,
Rosa gran-canariae,Ancestral Woodiness,
Rosa cannadas-teydensis,Ancestral Woodiness,
Rosa roque-muchachensis,Ancestral Woodiness,
Rubus bollei,Ancestral Woodiness,
Rubus palmensis,Ancestral Woodiness,
Rubus ulmifolius,Ancestral Woodiness,
Sanguisorba megacarpa,Perennial Herbaceous,2
Sanguisorba menendezii,Ancestral Woodiness,2
Galium aparine,Annual Herbaceous,
Galium elongatum,Perennial Herbaceous,
Galium murale,Annual Herbaceous,
Galium parisiense,Annual Herbaceous,
Galium scabrum,Perennial Herbaceous,
Galium setaceum,Annual Herbaceous,
Galium spurium,Annual Herbaceous,
Galium tricornutum,Annual Herbaceous,
Galium verrucosum,Annual Herbaceous,
Phyllis nobla,Ancestral Woodiness,"2; F. Lens, unpublished data"
Phyllis viscosa,Ancestral Woodiness,"2; F. Lens, unpublished data"
Plocama pendula,Ancestral Woodiness,
Rubia angustifolia,Perennial Herbaceous,
Rubia fruticosa,Insular Woodiness,
Sherardia arvensis,Annual Herbaceous,
Theligonum cynocrambe,Annual Herbaceous,
Valantia hispida,Annual Herbaceous,
Cneorum pulverulentum,Ancestral Woodiness,
Ruta microcarpa,Ancestral Woodiness,
Ruta oreojasme,Ancestral Woodiness,
Ruta pinnata,Ancestral Woodiness,
Salix pedicellata,Ancestral Woodiness,
Osyris lanceolata,Ancestral Woodiness,
Thesium canariense,Derived Woodiness,83
Thesium humile,Annual Herbaceous,2
Thesium palmense,Derived Woodiness,83
Thesium psilotocladum,Derived Woodiness,83
Thesium retamoides,Derived Woodiness,83
Thesium subsucculentum,Derived Woodiness,83
Sideroxylon canariense,Ancestral Woodiness,
Camptoloma canariense,Ancestral Woodiness,
Scrophularia arguta,Annual Herbaceous,
Scrophularia calliantha,Perennial Herbaceous,
Scrophularia glabrata,Insular Woodiness,
Scrophularia smithii,Perennial Herbaceous,
Hyoscyamus albus,Perennial Herbaceous,
Lycium intricatum,Ancestral Woodiness,
Solanum lidii,Perennial Herbaceous,2
Solanum nava,Annual Herbaceous,2
Solanum nigrum,Annual Herbaceous,2
Solanum vespertilio,Perennial Herbaceous,2
Solanum villosum,Perennial Herbaceous,2
Withania aristata,Ancestral Woodiness,"2; F. Lens, unpublished data"
Withania frutescens,Ancestral Woodiness,"2; F. Lens, unpublished data"
Withania somnifera,Ancestral Woodiness,"2; F. Lens, unpublished data"
Tamarix africana,Ancestral Woodiness,"2; F. Lens, unpublished data"
Tamarix boveana,Ancestral Woodiness,"2; F. Lens, unpublished data"
Tamarix canariensis,Ancestral Woodiness,"2; F. Lens, unpublished data"
Daphne gnidium,Ancestral Woodiness,
Forsskaolea angustifolia,Ancestral Woodiness,
Gesnouinia arborea,Insular Woodiness,
Parietaria filamentosa,Perennial Herbaceous,
Parietaria debilis,Annual Herbaceous,
Parietaria judaica,Perennial Herbaceous,
Parietaria mauritanica,Annual Herbaceous,
Urtica membranacea,Annual Herbaceous,
Urtica morifolia,Insular Woodiness,
Urtica stachyoides,Annual Herbaceous,
Urtica urens,Annual Herbaceous,
Viola anagae,Perennial Herbaceous,
Viola cheiranthifolia,Perennial Herbaceous,
Viola guaxarensis,Perennial Herbaceous,
Viola palmensis,Perennial Herbaceous,
Viola plantaginea,Perennial Herbaceous,
Viola arvensis,Annual Herbaceous,
Viola kitaibeliana,Annual Herbaceous,
Viola odorata,Perennial Herbaceous,
Viola riviniana,Perennial Herbaceous,
Zygophyllum creticum,Perennial Herbaceous,2
Zygophyllum fontanesii,Ancestral Woodiness,"2; F. Lens, unpublished data"
Zygophyllum gaetulum,Ancestral Woodiness,"2; F. Lens, unpublished data"
